name,date_utc,rocket,launchpad,success,payloads,rocket_name,launch_site,launch_region,payload_id,payload_mass_kg,year,latitude,longitude,temp,humidity,wind_speed
FalconSat,2006-03-24 22:30:00+00:00,5e9d0d95eda69955f709d1eb,5e9e4502f5090995de566f86,0,['5eb0e4b5b6c3bb0006eeb1e1'],Falcon 1,Kwajalein Atoll,Marshall Islands,5eb0e4b5b6c3bb0006eeb1e1,20.0,2006,8.720364,167.7311,22.49080237694725,80.8611100100608,1.888859215118568
DemoSat,2007-03-21 01:10:00+00:00,5e9d0d95eda69955f709d1eb,5e9e4502f5090995de566f86,0,['5eb0e4b6b6c3bb0006eeb1e2'],Falcon 1,Kwajalein Atoll,Marshall Islands,5eb0e4b6b6c3bb0006eeb1e2,,2007,8.720364,167.7311,34.01428612819832,67.76004057997312,13.660135468327137
Trailblazer,2008-08-03 03:34:00+00:00,5e9d0d95eda69955f709d1eb,5e9e4502f5090995de566f86,0,"['5eb0e4b6b6c3bb0006eeb1e3', '5eb0e4b6b6c3bb0006eeb1e4']",Falcon 1,Kwajalein Atoll,Marshall Islands,5eb0e4b6b6c3bb0006eeb1e3,,2008,8.720364,167.7311,29.6398788362281,66.48252891780032,1.4237729692045797
RatSat,2008-09-28 23:15:00+00:00,5e9d0d95eda69955f709d1eb,5e9e4502f5090995de566f86,1,['5eb0e4b7b6c3bb0006eeb1e5'],Falcon 1,Kwajalein Atoll,Marshall Islands,5eb0e4b7b6c3bb0006eeb1e5,165.0,2008,8.720364,167.7311,26.973169683940732,52.092614545022585,6.379512605875226
RazakSat,2009-07-13 03:35:00+00:00,5e9d0d95eda69955f709d1eb,5e9e4502f5090995de566f86,1,['5eb0e4b7b6c3bb0006eeb1e6'],Falcon 1,Kwajalein Atoll,Marshall Islands,5eb0e4b7b6c3bb0006eeb1e6,200.0,2009,8.720364,167.7311,18.12037280884873,44.65513839029496,16.89750621938909
Falcon 9 Test Flight,2010-06-04 18:45:00+00:00,5e9d0d95eda69973a809d1ec,5e9e4501f509094ba4566f84,1,['5eb0e4b7b6c3bb0006eeb1e7'],Falcon 9,CCSFS SLC 40,Florida,5eb0e4b7b6c3bb0006eeb1e7,,2010,28.5618571,-80.577366,18.119890406724053,84.86078789766634,0.4654387147165173
COTS 1,2010-12-08 15:43:00+00:00,5e9d0d95eda69973a809d1ec,5e9e4501f509094ba4566f84,1,"['5eb0e4b9b6c3bb0006eeb1e8', '5eb0e4b9b6c3bb0006eeb1e9']",Falcon 9,CCSFS SLC 40,Florida,5eb0e4b9b6c3bb0006eeb1e8,,2010,28.5618571,-80.577366,16.161672243363988,85.02090285816652,16.289369651778717
COTS 2,2012-05-22 07:44:00+00:00,5e9d0d95eda69973a809d1ec,5e9e4501f509094ba4566f84,1,['5eb0e4bab6c3bb0006eeb1ea'],Falcon 9,CCSFS SLC 40,Florida,5eb0e4bab6c3bb0006eeb1ea,525.0,2012,28.5618571,-80.577366,32.3235229154987,71.65507286366339,5.637095495467999
CRS-1,2012-10-08 00:35:00+00:00,5e9d0d95eda69973a809d1ec,5e9e4501f509094ba4566f84,1,"['5eb0e4bab6c3bb0006eeb1eb', '5eb0e4bab6c3bb0006eeb1ec']",Falcon 9,CCSFS SLC 40,Florida,5eb0e4bab6c3bb0006eeb1eb,400.0,2012,28.5618571,-80.577366,27.022300234864176,56.951489552435035,2.363296552433125
CRS-2,2013-03-01 19:10:00+00:00,5e9d0d95eda69973a809d1ec,5e9e4501f509094ba4566f84,1,['5eb0e4bbb6c3bb0006eeb1ed'],Falcon 9,CCSFS SLC 40,Florida,5eb0e4bbb6c3bb0006eeb1ed,677.0,2013,28.5618571,-80.577366,29.16145155592091,57.46047873063304,13.934743307283012
CASSIOPE,2013-09-29 16:00:00+00:00,5e9d0d95eda69973a809d1ec,5e9e4502f509092b78566f87,1,['5eb0e4bbb6c3bb0006eeb1ee'],Falcon 9,VAFB SLC 4E,California,5eb0e4bbb6c3bb0006eeb1ee,500.0,2013,34.632093,-120.610829,15.411689885916049,76.29778394351197,12.57885693559768
SES-8,2013-12-03 22:41:00+00:00,5e9d0d95eda69973a809d1ec,5e9e4501f509094ba4566f84,1,['5eb0e4bbb6c3bb0006eeb1ef'],Falcon 9,CCSFS SLC 40,Florida,5eb0e4bbb6c3bb0006eeb1ef,3170.0,2013,28.5618571,-80.577366,34.39819704323989,84.85551299762886,17.54944027054106
Thaicom 6,2014-01-06 18:06:00+00:00,5e9d0d95eda69973a809d1ec,5e9e4501f509094ba4566f84,1,['5eb0e4bbb6c3bb0006eeb1f0'],Falcon 9,CCSFS SLC 40,Florida,5eb0e4bbb6c3bb0006eeb1f0,3325.0,2014,28.5618571,-80.577366,31.648852816008436,84.35432121325587,14.701420876077716
CRS-3,2014-04-18 19:25:00+00:00,5e9d0d95eda69973a809d1ec,5e9e4501f509094ba4566f84,1,['5eb0e4bbb6c3bb0006eeb1f1'],Falcon 9,CCSFS SLC 40,Florida,5eb0e4bbb6c3bb0006eeb1f1,2296.0,2014,28.5618571,-80.577366,19.246782213565524,78.99377729288119,16.06961860769697
OG-2 Mission 1,2014-07-14 15:15:00+00:00,5e9d0d95eda69973a809d1ec,5e9e4501f509094ba4566f84,1,['5eb0e4bcb6c3bb0006eeb1f2'],Falcon 9,CCSFS SLC 40,Florida,5eb0e4bcb6c3bb0006eeb1f2,1316.0,2014,28.5618571,-80.577366,18.636499344142013,72.10158230771438,5.64069145142613
AsiaSat 8,2014-08-05 08:00:00+00:00,5e9d0d95eda69973a809d1ec,5e9e4501f509094ba4566f84,1,['5eb0e4bcb6c3bb0006eeb1f3'],Falcon 9,CCSFS SLC 40,Florida,5eb0e4bcb6c3bb0006eeb1f3,4535.0,2014,28.5618571,-80.577366,18.668090197068675,44.206998249752445,3.5487908755944564
AsiaSat 6,2014-09-07 05:00:00+00:00,5e9d0d95eda69973a809d1ec,5e9e4501f509094ba4566f84,1,['5eb0e4bcb6c3bb0006eeb1f4'],Falcon 9,CCSFS SLC 40,Florida,5eb0e4bcb6c3bb0006eeb1f4,4428.0,2014,28.5618571,-80.577366,21.084844859190753,48.08143570473069,15.012295032817168
CRS-4,2014-09-21 05:52:00+00:00,5e9d0d95eda69973a809d1ec,5e9e4501f509094ba4566f84,1,['5eb0e4bcb6c3bb0006eeb1f5'],Falcon 9,CCSFS SLC 40,Florida,5eb0e4bcb6c3bb0006eeb1f5,2216.0,2014,28.5618571,-80.577366,25.495128632644757,84.92770942635397,16.13669478534528
CRS-5,2015-01-10 09:47:00+00:00,5e9d0d95eda69973a809d1ec,5e9e4501f509094ba4566f84,1,['5eb0e4bdb6c3bb0006eeb1f6'],Falcon 9,CCSFS SLC 40,Florida,5eb0e4bdb6c3bb0006eeb1f6,2395.0,2015,28.5618571,-80.577366,23.638900372842315,70.3214529829795,19.810102840013467
DSCOVR,2015-02-11 23:03:00+00:00,5e9d0d95eda69973a809d1ec,5e9e4501f509094ba4566f84,1,['5eb0e4bdb6c3bb0006eeb1f7'],Falcon 9,CCSFS SLC 40,Florida,5eb0e4bdb6c3bb0006eeb1f7,570.0,2015,28.5618571,-80.577366,20.824582803960837,40.45985258083148,8.25235353822853
ABS-3A / Eutelsat 115W B,2015-03-02 03:50:00+00:00,5e9d0d95eda69973a809d1ec,5e9e4501f509094ba4566f84,1,"['5eb0e4bdb6c3bb0006eeb1f8', '5eb0e4bdb6c3bb0006eeb1f9']",Falcon 9,CCSFS SLC 40,Florida,5eb0e4bdb6c3bb0006eeb1f8,1954.0,2015,28.5618571,-80.577366,27.237057894447588,45.073577143301605,7.440361715855664
CRS-6,2015-04-14 20:10:00+00:00,5e9d0d95eda69973a809d1ec,5e9e4501f509094ba4566f84,1,['5eb0e4bdb6c3bb0006eeb1fa'],Falcon 9,CCSFS SLC 40,Florida,5eb0e4bdb6c3bb0006eeb1fa,1898.0,2015,28.5618571,-80.577366,17.789877213040835,73.1750884554028,15.528259214839936
TürkmenÄlem 52°E / MonacoSAT,2015-04-27 23:03:00+00:00,5e9d0d95eda69973a809d1ec,5e9e4501f509094ba4566f84,1,['5eb0e4beb6c3bb0006eeb1fb'],Falcon 9,CCSFS SLC 40,Florida,5eb0e4beb6c3bb0006eeb1fb,4707.0,2015,28.5618571,-80.577366,20.842892970704362,40.253079192310935,6.816070805060357
CRS-7,2015-06-28 14:21:00+00:00,5e9d0d95eda69973a809d1ec,5e9e4501f509094ba4566f84,0,['5eb0e4beb6c3bb0006eeb1fc'],Falcon 9,CCSFS SLC 40,Florida,5eb0e4beb6c3bb0006eeb1fc,2477.0,2015,28.5618571,-80.577366,22.327236865873836,48.04040257087493,18.615146512071295
OG-2 Mission 2,2015-12-22 01:29:00+00:00,5e9d0d95eda69973a809d1ec,5e9e4501f509094ba4566f84,1,['5eb0e4beb6c3bb0006eeb1fd'],Falcon 9,CCSFS SLC 40,Florida,5eb0e4beb6c3bb0006eeb1fd,2034.0,2015,28.5618571,-80.577366,24.12139968434072,67.4366894683293,17.168255036860238
Jason 3,2016-01-17 15:42:00+00:00,5e9d0d95eda69973a809d1ec,5e9e4502f509092b78566f87,1,['5eb0e4beb6c3bb0006eeb1fe'],Falcon 9,VAFB SLC 4E,California,5eb0e4beb6c3bb0006eeb1fe,553.0,2016,34.632093,-120.610829,30.703519227860273,74.59475988463467,8.579880547500366
SES-9,2016-03-04 23:35:00+00:00,5e9d0d95eda69973a809d1ec,5e9e4501f509094ba4566f84,1,['5eb0e4beb6c3bb0006eeb1ff'],Falcon 9,CCSFS SLC 40,Florida,5eb0e4beb6c3bb0006eeb1ff,5271.0,2016,28.5618571,-80.577366,18.993475643167194,72.59806297513003,15.017421355829947
CRS-8,2016-04-08 20:43:00+00:00,5e9d0d95eda69973a809d1ec,5e9e4501f509094ba4566f84,1,['5eb0e4bfb6c3bb0006eeb200'],Falcon 9,CCSFS SLC 40,Florida,5eb0e4bfb6c3bb0006eeb200,3136.0,2016,28.5618571,-80.577366,25.284688768272233,51.21346547302799,15.090857481693646
JCSAT-2B,2016-05-06 05:21:00+00:00,5e9d0d95eda69973a809d1ec,5e9e4501f509094ba4566f84,1,['5eb0e4bfb6c3bb0006eeb201'],Falcon 9,CCSFS SLC 40,Florida,5eb0e4bfb6c3bb0006eeb201,4696.0,2016,28.5618571,-80.577366,26.848291377240848,75.6089610673768,2.062477376718652
Thaicom 8,2016-05-27 21:39:00+00:00,5e9d0d95eda69973a809d1ec,5e9e4501f509094ba4566f84,1,['5eb0e4bfb6c3bb0006eeb202'],Falcon 9,CCSFS SLC 40,Florida,5eb0e4bfb6c3bb0006eeb202,3100.0,2016,28.5618571,-80.577366,15.929008254399955,51.862454374840006,18.051058133591333
ABS-2A / Eutelsat 117W B,2016-06-15 14:29:00+00:00,5e9d0d95eda69973a809d1ec,5e9e4501f509094ba4566f84,1,"['5eb0e4bfb6c3bb0006eeb203', '5eb0e4bfb6c3bb0006eeb204']",Falcon 9,CCSFS SLC 40,Florida,5eb0e4bfb6c3bb0006eeb203,1800.0,2016,28.5618571,-80.577366,27.150897038028766,56.26998490796339,10.105047448957142
CRS-9,2016-07-18 04:45:00+00:00,5e9d0d95eda69973a809d1ec,5e9e4501f509094ba4566f84,1,['5eb0e4c0b6c3bb0006eeb205'],Falcon 9,CCSFS SLC 40,Florida,5eb0e4c0b6c3bb0006eeb205,2257.0,2016,28.5618571,-80.577366,18.41048247374583,77.32457025590121,16.529149322154833
JCSAT-16,2016-08-14 05:26:00+00:00,5e9d0d95eda69973a809d1ec,5e9e4501f509094ba4566f84,1,['5eb0e4c1b6c3bb0006eeb206'],Falcon 9,CCSFS SLC 40,Florida,5eb0e4c1b6c3bb0006eeb206,4600.0,2016,28.5618571,-80.577366,16.30103185970559,72.48164495236074,6.400992020612235
Amos-6,2016-09-01 13:07:00+00:00,5e9d0d95eda69973a809d1ec,5e9e4501f509094ba4566f84,0,['5eb0e4c1b6c3bb0006eeb207'],Falcon 9,CCSFS SLC 40,Florida,5eb0e4c1b6c3bb0006eeb207,5500.0,2016,28.5618571,-80.577366,33.977710745066666,82.4611705247089,17.91046456992401
Iridium NEXT Mission 1,2017-01-14 17:54:00+00:00,5e9d0d95eda69973a809d1ec,5e9e4502f509092b78566f87,1,['5eb0e4c2b6c3bb0006eeb208'],Falcon 9,VAFB SLC 4E,California,5eb0e4c2b6c3bb0006eeb208,9600.0,2017,34.632093,-120.610829,34.31264066149119,72.88064461501716,7.784033574683262
CRS-10,2017-02-19 14:39:00+00:00,5e9d0d95eda69973a809d1ec,5e9e4502f509094188566f88,1,['5eb0e4c3b6c3bb0006eeb209'],Falcon 9,KSC LC 39A,Florida,5eb0e4c3b6c3bb0006eeb209,2490.0,2017,28.6080585,-80.604333,31.16794696232922,68.41543016677358,0.2167530296059672
EchoStar 23,2017-03-16 06:00:00+00:00,5e9d0d95eda69973a809d1ec,5e9e4502f509094188566f88,1,['5eb0e4c3b6c3bb0006eeb20a'],Falcon 9,KSC LC 39A,Florida,5eb0e4c3b6c3bb0006eeb20a,5600.0,2017,28.6080585,-80.604333,21.092275383467413,44.683738391404624,18.107639528385274
SES-10,2017-03-30 22:27:00+00:00,5e9d0d95eda69973a809d1ec,5e9e4502f509094188566f88,1,['5eb0e4c3b6c3bb0006eeb20b'],Falcon 9,KSC LC 39A,Florida,5eb0e4c3b6c3bb0006eeb20b,5300.0,2017,28.6080585,-80.604333,16.95344228012768,58.38579015297168,1.8257335357226712
NROL-76,2017-05-01 11:15:00+00:00,5e9d0d95eda69973a809d1ec,5e9e4502f509094188566f88,1,['5eb0e4c3b6c3bb0006eeb20c'],Falcon 9,KSC LC 39A,Florida,5eb0e4c3b6c3bb0006eeb20c,,2017,28.6080585,-80.604333,28.684660530243136,53.26011838408627,6.386272751808297
Inmarsat-5 F4,2017-05-15 23:21:00+00:00,5e9d0d95eda69973a809d1ec,5e9e4502f509094188566f88,1,['5eb0e4c3b6c3bb0006eeb20d'],Falcon 9,KSC LC 39A,Florida,5eb0e4c3b6c3bb0006eeb20d,6070.0,2017,28.6080585,-80.604333,23.803049874792027,52.19948216895418,19.0012393410161
CRS-11,2017-06-03 21:07:00+00:00,5e9d0d95eda69973a809d1ec,5e9e4502f509094188566f88,1,['5eb0e4c4b6c3bb0006eeb20e'],Falcon 9,KSC LC 39A,Florida,5eb0e4c4b6c3bb0006eeb20e,2708.0,2017,28.6080585,-80.604333,17.440764696895577,88.65052773762227,19.012142938751122
BulgariaSat-1,2017-06-23 19:10:00+00:00,5e9d0d95eda69973a809d1ec,5e9e4502f509094188566f88,1,['5eb0e4c4b6c3bb0006eeb20f'],Falcon 9,KSC LC 39A,Florida,5eb0e4c4b6c3bb0006eeb20f,3669.0,2017,28.6080585,-80.604333,24.903538202225405,59.65488623333802,11.468757762465723
Iridium NEXT Mission 2,2017-06-25 20:25:00+00:00,5e9d0d95eda69973a809d1ec,5e9e4502f509092b78566f87,1,['5eb0e4c4b6c3bb0006eeb210'],Falcon 9,VAFB SLC 4E,California,5eb0e4c4b6c3bb0006eeb210,9600.0,2017,34.632093,-120.610829,15.687770422304368,84.60232775885567,12.636744243395984
Intelsat 35e,2017-07-05 23:35:00+00:00,5e9d0d95eda69973a809d1ec,5e9e4502f509094188566f88,1,['5eb0e4c4b6c3bb0006eeb211'],Falcon 9,KSC LC 39A,Florida,5eb0e4c4b6c3bb0006eeb211,6761.0,2017,28.6080585,-80.604333,33.186408041575646,71.55693129986315,8.968910439566395
CRS-12,2017-08-14 16:31:00+00:00,5e9d0d95eda69973a809d1ec,5e9e4502f509094188566f88,1,['5eb0e4c4b6c3bb0006eeb212'],Falcon 9,KSC LC 39A,Florida,5eb0e4c4b6c3bb0006eeb212,2910.0,2017,28.6080585,-80.604333,20.17559963200034,79.74056517708243,5.864215433961291
FormoSat-5,2017-08-24 18:50:00+00:00,5e9d0d95eda69973a809d1ec,5e9e4502f509092b78566f87,1,['5eb0e4c4b6c3bb0006eeb213'],Falcon 9,VAFB SLC 4E,California,5eb0e4c4b6c3bb0006eeb213,475.0,2017,34.632093,-120.610829,28.25044568707964,65.1318546552596,6.573290907398319
Boeing X-37B OTV-5,2017-09-07 13:50:00+00:00,5e9d0d95eda69973a809d1ec,5e9e4502f509094188566f88,1,['5eb0e4c5b6c3bb0006eeb214'],Falcon 9,KSC LC 39A,Florida,5eb0e4c5b6c3bb0006eeb214,4990.0,2017,28.6080585,-80.604333,21.23422152178822,68.84519423131795,13.450369121540769
Iridium NEXT Mission 3,2017-10-09 12:37:00+00:00,5e9d0d95eda69973a809d1ec,5e9e4502f509092b78566f87,1,['5eb0e4c5b6c3bb0006eeb215'],Falcon 9,VAFB SLC 4E,California,5eb0e4c5b6c3bb0006eeb215,9600.0,2017,34.632093,-120.610829,25.401360423556216,64.6258846909432,15.0474905887536
SES-11 / Echostar 105,2017-10-11 22:53:00+00:00,5e9d0d95eda69973a809d1ec,5e9e4502f509094188566f88,1,['5eb0e4c5b6c3bb0006eeb216'],Falcon 9,KSC LC 39A,Florida,5eb0e4c5b6c3bb0006eeb216,5200.0,2017,28.6080585,-80.604333,25.934205586865595,49.76214938990223,15.83158087451697
KoreaSat 5A,2017-10-30 19:34:00+00:00,5e9d0d95eda69973a809d1ec,5e9e4502f509094188566f88,1,['5eb0e4c5b6c3bb0006eeb217'],Falcon 9,KSC LC 39A,Florida,5eb0e4c5b6c3bb0006eeb217,3700.0,2017,28.6080585,-80.604333,18.69708911051054,76.12260576307526,15.792362855891078
CRS-13,2017-12-15 15:36:00+00:00,5e9d0d95eda69973a809d1ec,5e9e4501f509094ba4566f84,1,['5eb0e4c5b6c3bb0006eeb218'],Falcon 9,CCSFS SLC 40,Florida,5eb0e4c5b6c3bb0006eeb218,2205.0,2017,28.5618571,-80.577366,34.39169255529117,54.03861812204279,1.8241220609738074
Iridium NEXT Mission 4,2017-12-23 01:27:23+00:00,5e9d0d95eda69973a809d1ec,5e9e4502f509092b78566f87,1,['5eb0e4c6b6c3bb0006eeb219'],Falcon 9,VAFB SLC 4E,California,5eb0e4c6b6c3bb0006eeb219,9600.0,2017,34.632093,-120.610829,30.50265646722229,41.21579832157269,9.888406094051629
ZUMA,2018-01-08 01:00:00+00:00,5e9d0d95eda69973a809d1ec,5e9e4501f509094ba4566f84,1,['5eb0e4c6b6c3bb0006eeb21a'],Falcon 9,CCSFS SLC 40,Florida,5eb0e4c6b6c3bb0006eeb21a,,2018,28.5618571,-80.577366,33.78997883128378,72.27361479535838,1.1511752003328857
SES-16 / GovSat-1,2018-01-31 21:25:00+00:00,5e9d0d95eda69973a809d1ec,5e9e4501f509094ba4566f84,1,['5eb0e4c6b6c3bb0006eeb21b'],Falcon 9,CCSFS SLC 40,Florida,5eb0e4c6b6c3bb0006eeb21b,4230.0,2018,28.5618571,-80.577366,32.89654700855297,48.85553397035245,10.99057764647471
Falcon Heavy Test Flight,2018-02-06 20:45:00+00:00,5e9d0d95eda69974db09d1ed,5e9e4502f509094188566f88,1,['5eb0e4c6b6c3bb0006eeb21c'],Falcon Heavy,KSC LC 39A,Florida,5eb0e4c6b6c3bb0006eeb21c,1350.0,2018,28.6080585,-80.604333,26.957999576221702,87.02292921764572,8.83061002746754
Paz / Starlink Demo,2018-02-22 14:17:00+00:00,5e9d0d95eda69973a809d1ec,5e9e4502f509092b78566f87,1,"['5eb0e4c6b6c3bb0006eeb21d', '5eb0e4c6b6c3bb0006eeb21e']",Falcon 9,VAFB SLC 4E,California,5eb0e4c6b6c3bb0006eeb21d,1350.0,2018,34.632093,-120.610829,33.437484700462335,87.69642885012937,17.754083655165996
Hispasat 30W-6,2018-03-06 05:33:00+00:00,5e9d0d95eda69973a809d1ec,5e9e4501f509094ba4566f84,1,['5eb0e4c7b6c3bb0006eeb21f'],Falcon 9,CCSFS SLC 40,Florida,5eb0e4c7b6c3bb0006eeb21f,6092.0,2018,28.5618571,-80.577366,16.76985004103839,85.74321951102243,7.018300251041573
Iridium NEXT Mission 5,2018-03-30 14:13:51+00:00,5e9d0d95eda69973a809d1ec,5e9e4502f509092b78566f87,1,['5eb0e4c7b6c3bb0006eeb220'],Falcon 9,VAFB SLC 4E,California,5eb0e4c7b6c3bb0006eeb220,9600.0,2018,34.632093,-120.610829,18.919657248382904,58.50793501277222,2.3413403285521173
CRS-14,2018-04-02 20:30:41+00:00,5e9d0d95eda69973a809d1ec,5e9e4501f509094ba4566f84,1,['5eb0e4c7b6c3bb0006eeb221'],Falcon 9,CCSFS SLC 40,Florida,5eb0e4c7b6c3bb0006eeb221,2760.0,2018,28.5618571,-80.577366,15.90454577821076,40.77283082644337,2.859833641056717
TESS,2018-04-18 22:51:00+00:00,5e9d0d95eda69973a809d1ec,5e9e4501f509094ba4566f84,1,['5eb0e4c7b6c3bb0006eeb222'],Falcon 9,CCSFS SLC 40,Florida,5eb0e4c7b6c3bb0006eeb222,350.0,2018,28.5618571,-80.577366,21.506606615265287,86.41592812938626,15.230212634349446
Bangabandhu-1,2018-05-11 20:14:00+00:00,5e9d0d95eda69973a809d1ec,5e9e4502f509094188566f88,1,['5eb0e4c7b6c3bb0006eeb223'],Falcon 9,KSC LC 39A,Florida,5eb0e4c7b6c3bb0006eeb223,3750.0,2018,28.6080585,-80.604333,22.77354579378964,61.409207415865716,12.364361266325222
Iridium NEXT Mission 6,2018-05-22 19:47:58+00:00,5e9d0d95eda69973a809d1ec,5e9e4502f509092b78566f87,1,"['5eb0e4c7b6c3bb0006eeb224', '5eb0e4c8b6c3bb0006eeb225']",Falcon 9,VAFB SLC 4E,California,5eb0e4c7b6c3bb0006eeb224,4300.0,2018,34.632093,-120.610829,20.426980635477918,88.33274095218349,2.022453522455805
SES-12,2018-06-04 04:45:00+00:00,5e9d0d95eda69973a809d1ec,5e9e4501f509094ba4566f84,1,['5eb0e4c8b6c3bb0006eeb226'],Falcon 9,CCSFS SLC 40,Florida,5eb0e4c8b6c3bb0006eeb226,5383.85,2018,28.5618571,-80.577366,31.57475018303859,88.18099885446264,1.6821361222999487
CRS-15,2018-06-29 09:42:00+00:00,5e9d0d95eda69973a809d1ec,5e9e4501f509094ba4566f84,1,['5eb0e4c8b6c3bb0006eeb227'],Falcon 9,CCSFS SLC 40,Florida,5eb0e4c8b6c3bb0006eeb227,2410.0,2018,28.5618571,-80.577366,22.135066533871786,82.650472773368,14.019382629182399
Telstar 19V,2018-07-22 05:50:00+00:00,5e9d0d95eda69973a809d1ec,5e9e4501f509094ba4566f84,1,['5eb0e4c8b6c3bb0006eeb228'],Falcon 9,CCSFS SLC 40,Florida,5eb0e4c8b6c3bb0006eeb228,7076.0,2018,28.5618571,-80.577366,20.618690193747614,54.72244460347928,1.4552601272838706
Iridium NEXT Mission 7,2018-07-25 11:39:26+00:00,5e9d0d95eda69973a809d1ec,5e9e4502f509092b78566f87,1,['5eb0e4c9b6c3bb0006eeb229'],Falcon 9,VAFB SLC 4E,California,5eb0e4c9b6c3bb0006eeb229,9600.0,2018,34.632093,-120.610829,25.853921663164968,59.25488643009626,16.437201185807126
Merah Putih,2018-08-07 05:18:00+00:00,5e9d0d95eda69973a809d1ec,5e9e4501f509094ba4566f84,1,['5eb0e4c9b6c3bb0006eeb22a'],Falcon 9,CCSFS SLC 40,Florida,5eb0e4c9b6c3bb0006eeb22a,5800.0,2018,28.5618571,-80.577366,17.818484499495252,82.55683357584284,14.124844543129925
Telstar 18V,2018-09-10 04:45:00+00:00,5e9d0d95eda69973a809d1ec,5e9e4501f509094ba4566f84,1,['5eb0e4c9b6c3bb0006eeb22b'],Falcon 9,CCSFS SLC 40,Florida,5eb0e4c9b6c3bb0006eeb22b,7060.0,2018,28.5618571,-80.577366,31.043939615080795,55.84610025781389,1.6269756128379953
SAOCOM 1A,2018-10-08 02:22:00+00:00,5e9d0d95eda69973a809d1ec,5e9e4502f509092b78566f87,1,['5eb0e4c9b6c3bb0006eeb22c'],Falcon 9,VAFB SLC 4E,California,5eb0e4c9b6c3bb0006eeb22c,2800.0,2018,34.632093,-120.610829,16.491012873595416,48.474637334304624,1.6967542817038384
Es’hail 2,2018-11-15 20:46:00+00:00,5e9d0d95eda69973a809d1ec,5e9e4502f509094188566f88,1,['5eb0e4c9b6c3bb0006eeb22d'],Falcon 9,KSC LC 39A,Florida,5eb0e4c9b6c3bb0006eeb22d,3000.0,2018,28.6080585,-80.604333,34.73773873201034,67.84006312291751,19.732791570023508
SSO-A,2018-12-03 18:34:00+00:00,5e9d0d95eda69973a809d1ec,5e9e4502f509092b78566f87,1,['5eb0e4c9b6c3bb0006eeb22e'],Falcon 9,VAFB SLC 4E,California,5eb0e4c9b6c3bb0006eeb22e,4000.0,2018,34.632093,-120.610829,30.444895385933147,86.80773870803904,7.485415915122406
CRS-16,2018-12-05 18:16:00+00:00,5e9d0d95eda69973a809d1ec,5e9e4501f509094ba4566f84,1,['5eb0e4cab6c3bb0006eeb22f'],Falcon 9,CCSFS SLC 40,Florida,5eb0e4cab6c3bb0006eeb22f,2573.0,2018,28.5618571,-80.577366,18.974313630683447,74.80148983374865,7.412842941337818
GPS III SV01,2018-12-23 13:51:00+00:00,5e9d0d95eda69973a809d1ec,5e9e4501f509094ba4566f84,1,['5eb0e4cab6c3bb0006eeb230'],Falcon 9,CCSFS SLC 40,Florida,5eb0e4cab6c3bb0006eeb230,4400.0,2018,28.5618571,-80.577366,15.110442342472048,68.50305850446824,16.25599134515005
Iridium NEXT Mission 8,2019-01-11 15:31:00+00:00,5e9d0d95eda69973a809d1ec,5e9e4502f509092b78566f87,1,['5eb0e4cab6c3bb0006eeb231'],Falcon 9,VAFB SLC 4E,California,5eb0e4cab6c3bb0006eeb231,9600.0,2019,34.632093,-120.610829,31.309228569096682,44.85882468853843,18.944971547677174
Nusantara Satu (PSN-6) / S5 / Beresheet,2019-02-22 01:45:00+00:00,5e9d0d95eda69973a809d1ec,5e9e4501f509094ba4566f84,1,"['5eb0e4cab6c3bb0006eeb232', '5eb0e4cab6c3bb0006eeb233', '5eb0e4cab6c3bb0006eeb234']",Falcon 9,CCSFS SLC 40,Florida,5eb0e4cab6c3bb0006eeb232,5000.0,2019,28.5618571,-80.577366,29.137146876952343,70.75036133495848,19.720021276457416
CCtCap Demo Mission 1,2019-03-02 07:45:00+00:00,5e9d0d95eda69973a809d1ec,5e9e4502f509094188566f88,1,['5eb0e4cbb6c3bb0006eeb235'],Falcon 9,KSC LC 39A,Florida,5eb0e4cbb6c3bb0006eeb235,12259.0,2019,28.6080585,-80.604333,29.580143360819747,89.50269250521316,15.067563705178832
ArabSat 6A,2019-04-11 22:35:00+00:00,5e9d0d95eda69974db09d1ed,5e9e4502f509094188566f88,1,['5eb0e4cbb6c3bb0006eeb236'],Falcon Heavy,KSC LC 39A,Florida,5eb0e4cbb6c3bb0006eeb236,6000.0,2019,28.6080585,-80.604333,30.425406933718914,47.0042007618262,7.525191710618316
CRS-17,2019-05-04 06:48:00+00:00,5e9d0d95eda69973a809d1ec,5e9e4501f509094ba4566f84,1,['5eb0e4cbb6c3bb0006eeb237'],Falcon 9,CCSFS SLC 40,Florida,5eb0e4cbb6c3bb0006eeb237,2482.0,2019,28.5618571,-80.577366,16.480893034681806,65.91648261818683,1.6700143339733753
Starlink v0.9,2019-05-24 02:30:00+00:00,5e9d0d95eda69973a809d1ec,5e9e4501f509094ba4566f84,1,['5eb0e4cbb6c3bb0006eeb238'],Falcon 9,CCSFS SLC 40,Florida,5eb0e4cbb6c3bb0006eeb238,13200.0,2019,28.5618571,-80.577366,22.169314570885454,83.86865359639776,15.542938318548735
RADARSAT Constellation,2019-06-12 14:17:00+00:00,5e9d0d95eda69973a809d1ec,5e9e4502f509092b78566f87,1,['5eb0e4ccb6c3bb0006eeb239'],Falcon 9,VAFB SLC 4E,California,5eb0e4ccb6c3bb0006eeb239,1425.0,2019,34.632093,-120.610829,17.317381190502594,77.03843088771022,11.1680849947161
STP-2,2019-06-25 03:30:00+00:00,5e9d0d95eda69974db09d1ed,5e9e4502f509094188566f88,1,"['5eb0e4ccb6c3bb0006eeb23a', '5eb0e4ccb6c3bb0006eeb23b', '5eb0e4ccb6c3bb0006eeb23c', '5eb0e4ccb6c3bb0006eeb23d', '5eb0e4ccb6c3bb0006eeb23e', '5eb0e4cdb6c3bb0006eeb23f', '5eb0e4cdb6c3bb0006eeb240', '5eb0e4cdb6c3bb0006eeb241', '5eb0e4cdb6c3bb0006eeb242', '5eb0e4cdb6c3bb0006eeb243', '5eb0e4cdb6c3bb0006eeb244', '5eb0e4cdb6c3bb0006eeb245', '5eb0e4ceb6c3bb0006eeb246', '5eb0e4ceb6c3bb0006eeb247', '5eb0e4ceb6c3bb0006eeb248', '5eb0e4ceb6c3bb0006eeb249']",Falcon Heavy,KSC LC 39A,Florida,5eb0e4ccb6c3bb0006eeb23a,600.0,2019,28.6080585,-80.604333,32.26206851751187,74.8507870497634,8.484440184939526
CRS-18,2019-07-25 22:01:00+00:00,5e9d0d95eda69973a809d1ec,5e9e4501f509094ba4566f84,1,['5eb0e4ceb6c3bb0006eeb24a'],Falcon 9,CCSFS SLC 40,Florida,5eb0e4ceb6c3bb0006eeb24a,2227.7,2019,28.5618571,-80.577366,27.46596253655116,75.12420419935546,18.12708770189472
Amos-17,2019-08-06 22:52:00+00:00,5e9d0d95eda69973a809d1ec,5e9e4501f509094ba4566f84,1,['5eb0e4cfb6c3bb0006eeb24b'],Falcon 9,CCSFS SLC 40,Florida,5eb0e4cfb6c3bb0006eeb24b,6500.0,2019,28.5618571,-80.577366,21.617960497052984,57.97455756098776,2.223949646123027
Starlink-1,2019-11-11 14:56:00+00:00,5e9d0d95eda69973a809d1ec,5e9e4501f509094ba4566f84,1,['5eb0e4cfb6c3bb0006eeb24c'],Falcon 9,CCSFS SLC 40,Florida,5eb0e4cfb6c3bb0006eeb24c,15600.0,2019,28.5618571,-80.577366,16.27116700572047,54.679592213224666,9.852502085817182
CRS-19,2019-12-05 17:29:23+00:00,5e9d0d95eda69973a809d1ec,5e9e4501f509094ba4566f84,1,['5eb0e4cfb6c3bb0006eeb24d'],Falcon 9,CCSFS SLC 40,Florida,5eb0e4cfb6c3bb0006eeb24d,5000.0,2019,28.5618571,-80.577366,21.219646434313244,80.46805777392568,0.22707289534838138
JCSat 18 / Kacific 1,2019-12-17 00:10:00+00:00,5e9d0d95eda69973a809d1ec,5e9e4501f509094ba4566f84,1,['5eb0e4cfb6c3bb0006eeb24e'],Falcon 9,CCSFS SLC 40,Florida,5eb0e4cfb6c3bb0006eeb24e,6800.0,2019,28.5618571,-80.577366,21.503666440534943,80.50566973395904,9.373212839882525
Starlink-2,2020-01-07 02:19:00+00:00,5e9d0d95eda69973a809d1ec,5e9e4501f509094ba4566f84,1,['5eb0e4cfb6c3bb0006eeb24f'],Falcon 9,CCSFS SLC 40,Florida,5eb0e4cfb6c3bb0006eeb24f,15600.0,2020,28.5618571,-80.577366,29.59212356676128,83.35361592900519,1.126065513636747
Crew Dragon In Flight Abort Test,2020-01-19 14:00:00+00:00,5e9d0d95eda69973a809d1ec,5e9e4502f509094188566f88,1,['5eb0e4d0b6c3bb0006eeb250'],Falcon 9,KSC LC 39A,Florida,5eb0e4d0b6c3bb0006eeb250,,2020,28.6080585,-80.604333,27.751149427104263,85.66202762782356,2.3763583253614384
Starlink-3,2020-01-29 14:06:00+00:00,5e9d0d95eda69973a809d1ec,5e9e4501f509094ba4566f84,1,['5eb0e4d0b6c3bb0006eeb251'],Falcon 9,CCSFS SLC 40,Florida,5eb0e4d0b6c3bb0006eeb251,15600.0,2020,28.5618571,-80.577366,32.744254851526534,65.56711994304689,2.3505249355420976
Starlink-4,2020-02-17 15:05:55+00:00,5e9d0d95eda69973a809d1ec,5e9e4501f509094ba4566f84,1,['5eb0e4d0b6c3bb0006eeb252'],Falcon 9,CCSFS SLC 40,Florida,5eb0e4d0b6c3bb0006eeb252,15600.0,2020,28.5618571,-80.577366,24.444298503238986,65.07581473435998,12.984206042321272
CRS-20,2020-03-07 04:50:31+00:00,5e9d0d95eda69973a809d1ec,5e9e4501f509094ba4566f84,1,['5eb0e4d0b6c3bb0006eeb253'],Falcon 9,CCSFS SLC 40,Florida,5eb0e4d0b6c3bb0006eeb253,1977.0,2020,28.5618571,-80.577366,17.391884918766035,79.91475894833876,14.920897585308467
Starlink-5,2020-03-18 12:16:00+00:00,5e9d0d95eda69973a809d1ec,5e9e4502f509094188566f88,1,['5eb0e4d0b6c3bb0006eeb254'],Falcon 9,KSC LC 39A,Florida,5eb0e4d0b6c3bb0006eeb254,15600.0,2020,28.6080585,-80.604333,29.2648957444599,72.49819653888827,11.667375301943192
Starlink-6,2020-04-22 19:30:00+00:00,5e9d0d95eda69973a809d1ec,5e9e4502f509094188566f88,1,['5eb0e4d1b6c3bb0006eeb255'],Falcon 9,KSC LC 39A,Florida,5eb0e4d1b6c3bb0006eeb255,15600.0,2020,28.6080585,-80.604333,30.21570097233795,75.09834386288517,19.243450969490837
CCtCap Demo Mission 2,2020-05-30 19:22:00+00:00,5e9d0d95eda69973a809d1ec,5e9e4502f509094188566f88,1,['5eb0e4d1b6c3bb0006eeb257'],Falcon 9,KSC LC 39A,Florida,5eb0e4d1b6c3bb0006eeb257,9525.0,2020,28.6080585,-80.604333,26.225543951389923,79.78963347180505,7.497411590474082
Starlink-7,2020-06-04 01:25:00+00:00,5e9d0d95eda69973a809d1ec,5e9e4501f509094ba4566f84,1,['5eb0e4d1b6c3bb0006eeb256'],Falcon 9,CCSFS SLC 40,Florida,5eb0e4d1b6c3bb0006eeb256,15600.0,2020,28.5618571,-80.577366,30.41934359909122,84.50026709087831,5.714241725637215
Starlink-8 & SkySat 16-18,2020-06-13 09:21:00+00:00,5e9d0d95eda69973a809d1ec,5e9e4501f509094ba4566f84,1,['5eb0e4d1b6c3bb0006eeb258'],Falcon 9,CCSFS SLC 40,Florida,5eb0e4d1b6c3bb0006eeb258,15600.0,2020,28.5618571,-80.577366,24.875911927287817,56.89975784257679,17.371982563789206
GPS III SV03 (Columbus),2020-06-30 19:55:00+00:00,5e9d0d95eda69973a809d1ec,5e9e4501f509094ba4566f84,1,['5eb0e4d2b6c3bb0006eeb25c'],Falcon 9,CCSFS SLC 40,Florida,5eb0e4d2b6c3bb0006eeb25c,3880.0,2020,28.5618571,-80.577366,25.45465658763988,58.779147631997205,4.471916770389052
ANASIS-II,2020-07-20 21:30:00+00:00,5e9d0d95eda69973a809d1ec,5e9e4501f509094ba4566f84,1,['5eb0e4d2b6c3bb0006eeb25b'],Falcon 9,CCSFS SLC 40,Florida,5eb0e4d2b6c3bb0006eeb25b,,2020,28.5618571,-80.577366,23.550820367170992,44.69909699204345,19.264450788812226
Starlink-9 (v1.0) & BlackSky Global 5-6,2020-08-07 05:12:00+00:00,5e9d0d95eda69973a809d1ec,5e9e4502f509094188566f88,1,"['5ed9858b1f30554030d45c3e', '5ee522e32f1f3d474c758123']",Falcon 9,KSC LC 39A,Florida,5ed9858b1f30554030d45c3e,15600.0,2020,28.6080585,-80.604333,15.508382534881903,68.9140070498087,0.24308949379632683
Starlink-10 (v1.0) & SkySat 19-21,2020-08-18 14:31:00+00:00,5e9d0d95eda69973a809d1ec,5e9e4501f509094ba4566f84,1,['5ed9859f1f30554030d45c3f'],Falcon 9,CCSFS SLC 40,Florida,5ed9859f1f30554030d45c3f,15600.0,2020,28.5618571,-80.577366,17.157828539866088,41.797113689837104,19.39757653415278
"SAOCOM 1B, GNOMES-1, Tyvak-0172",2020-08-30 23:18:00+00:00,5e9d0d95eda69973a809d1ec,5e9e4501f509094ba4566f84,1,['5eb0e4d1b6c3bb0006eeb259'],Falcon 9,CCSFS SLC 40,Florida,5eb0e4d1b6c3bb0006eeb259,1600.0,2020,28.5618571,-80.577366,15.628583713734685,63.27990090662301,0.8631982390115223
Starlink-11 (v1.0),2020-09-03 12:46:00+00:00,5e9d0d95eda69973a809d1ec,5e9e4502f509094188566f88,1,['5ef6a4600059c33cee4a829e'],Falcon 9,KSC LC 39A,Florida,5ef6a4600059c33cee4a829e,15600.0,2020,28.6080585,-80.604333,27.72820822527561,67.13223173537884,17.822862273961423
Starlink-12 (v1.0),2020-10-06 11:29:00+00:00,5e9d0d95eda69973a809d1ec,5e9e4502f509094188566f88,1,['5ef6a48e0059c33cee4a829f'],Falcon 9,KSC LC 39A,Florida,5ef6a48e0059c33cee4a829f,15600.0,2020,28.6080585,-80.604333,21.287119621526536,54.327062606414216,10.554022181725998
Starlink-13 (v1.0),2020-10-18 12:25:00+00:00,5e9d0d95eda69973a809d1ec,5e9e4502f509094188566f88,1,['5ef6a4d50059c33cee4a82a1'],Falcon 9,KSC LC 39A,Florida,5ef6a4d50059c33cee4a82a1,15600.0,2020,28.6080585,-80.604333,25.171413823294056,69.54166302845053,19.859295922386007
Starlink-14 (v1.0),2020-10-24 15:31:00+00:00,5e9d0d95eda69973a809d1ec,5e9e4501f509094ba4566f84,1,['5ef6a4ea0059c33cee4a82a2'],Falcon 9,CCSFS SLC 40,Florida,5ef6a4ea0059c33cee4a82a2,15600.0,2020,28.5618571,-80.577366,33.15132947852186,41.52501249695247,1.4759312947079772
GPS III SV04 (Sacagawea),2020-11-05 23:24:00+00:00,5e9d0d95eda69973a809d1ec,5e9e4501f509094ba4566f84,1,['5eb0e4d2b6c3bb0006eeb25e'],Falcon 9,CCSFS SLC 40,Florida,5eb0e4d2b6c3bb0006eeb25e,3681.0,2020,28.5618571,-80.577366,19.9858445829775,41.86740943746072,11.077085688026415
Crew-1,2020-11-16 00:27:00+00:00,5e9d0d95eda69973a809d1ec,5e9e4502f509094188566f88,1,['5eb0e4d2b6c3bb0006eeb25f'],Falcon 9,KSC LC 39A,Florida,5eb0e4d2b6c3bb0006eeb25f,,2020,28.6080585,-80.604333,23.207658460712594,81.13002803298292,19.38605071238198
Sentinel-6 Michael Freilich,2020-11-21 17:17:00+00:00,5e9d0d95eda69973a809d1ec,5e9e4502f509092b78566f87,1,['5ed9867c1f30554030d45c40'],Falcon 9,VAFB SLC 4E,California,5ed9867c1f30554030d45c40,1440.0,2020,34.632093,-120.610829,30.111022770860973,58.00953207056314,10.461956883402976
Starlink-15 (v1.0),2020-11-25 02:13:00+00:00,5e9d0d95eda69973a809d1ec,5e9e4501f509094ba4566f84,1,['5fb95c263a88ae63c9546044'],Falcon 9,CCSFS SLC 40,Florida,5fb95c263a88ae63c9546044,15600.0,2020,28.5618571,-80.577366,19.57596330983245,46.35302563259424,12.58797276270525
CRS-21,2020-12-06 16:17:00+00:00,5e9d0d95eda69973a809d1ec,5e9e4502f509094188566f88,1,['5eb0e4d3b6c3bb0006eeb262'],Falcon 9,KSC LC 39A,Florida,5eb0e4d3b6c3bb0006eeb262,2972.0,2020,28.6080585,-80.604333,16.53959819657586,66.11216300274022,13.914973779692343
SXM-7,2020-12-13 17:30:00+00:00,5e9d0d95eda69973a809d1ec,5e9e4501f509094ba4566f84,1,['5eb0e4d2b6c3bb0006eeb25d'],Falcon 9,CCSFS SLC 40,Florida,5eb0e4d2b6c3bb0006eeb25d,7000.0,2020,28.5618571,-80.577366,20.79502905827536,78.49967765493054,9.090821295355465
NROL-108,2020-12-19 14:00:00+00:00,5e9d0d95eda69973a809d1ec,5e9e4502f509094188566f88,1,['5f839ac7818d8b59f5740d48'],Falcon 9,KSC LC 39A,Florida,5f839ac7818d8b59f5740d48,,2020,28.6080585,-80.604333,18.22442574508009,50.791051374842155,12.551161601681269
Turksat 5A,2021-01-08 02:15:00+00:00,5e9d0d95eda69973a809d1ec,5e9e4501f509094ba4566f84,1,['5eb0e4d3b6c3bb0006eeb264'],Falcon 9,CCSFS SLC 40,Florida,5eb0e4d3b6c3bb0006eeb264,3500.0,2021,28.5618571,-80.577366,33.59395304685146,71.14452379095002,11.686286238462005
Starlink-16 (v1.0),2021-01-20 13:02:00+00:00,5e9d0d95eda69973a809d1ec,5e9e4502f509094188566f88,1,['5fbfedba54ceb10a5664c813'],Falcon 9,KSC LC 39A,Florida,5fbfedba54ceb10a5664c813,15600.0,2021,28.6080585,-80.604333,31.16240759128834,44.2673732496884,18.02316020981978
Transporter-1,2021-01-24 15:00:00+00:00,5e9d0d95eda69973a809d1ec,5e9e4501f509094ba4566f84,1,['5fd3871a7faea57d297c86c6'],Falcon 9,CCSFS SLC 40,Florida,5fd3871a7faea57d297c86c6,,2021,28.5618571,-80.577366,27.66807513020847,42.58408605843039,0.9089276068291574
Starlink-18 (v1.0),2021-02-04 06:19:00+00:00,5e9d0d95eda69973a809d1ec,5e9e4501f509094ba4566f84,1,['5ff655769257f579ee3a6c64'],Falcon 9,CCSFS SLC 40,Florida,5ff655769257f579ee3a6c64,15600.0,2021,28.5618571,-80.577366,32.429211803754356,66.5677315784074,5.619263791844606
Starlink-19 (v1.0),2021-02-16 03:59:00+00:00,5e9d0d95eda69973a809d1ec,5e9e4501f509094ba4566f84,1,['600f9bc08f798e2a4d5f97a4'],Falcon 9,CCSFS SLC 40,Florida,600f9bc08f798e2a4d5f97a4,15600.0,2021,28.5618571,-80.577366,31.07344153798229,67.03175608050532,19.008229681531176
Starlink-17 (v1.0),2021-03-04 08:24:00+00:00,5e9d0d95eda69973a809d1ec,5e9e4502f509094188566f88,1,['5fbfedc654ceb10a5664c814'],Falcon 9,KSC LC 39A,Florida,5fbfedc654ceb10a5664c814,15600.0,2021,28.6080585,-80.604333,18.731401177720716,71.87149507491033,17.805275677818326
Starlink-20 (v1.0),2021-03-11 08:13:00+00:00,5e9d0d95eda69973a809d1ec,5e9e4501f509094ba4566f84,1,['600f9bcb8f798e2a4d5f97a5'],Falcon 9,CCSFS SLC 40,Florida,600f9bcb8f798e2a4d5f97a5,15600.0,2021,28.5618571,-80.577366,32.85117996979956,76.30456668613309,9.11313505571426
Starlink-21 (v1.0),2021-03-14 10:01:00+00:00,5e9d0d95eda69973a809d1ec,5e9e4502f509094188566f88,1,['600f9bd88f798e2a4d5f97a6'],Falcon 9,KSC LC 39A,Florida,600f9bd88f798e2a4d5f97a6,15600.0,2021,28.6080585,-80.604333,25.786844838313016,88.79260397312673,12.402651956030734
Starlink-22 (v1.0),2021-03-24 08:28:00+00:00,5e9d0d95eda69973a809d1ec,5e9e4501f509094ba4566f84,1,['60428afbc041c16716f73cdd'],Falcon 9,CCSFS SLC 40,Florida,60428afbc041c16716f73cdd,15600.0,2021,28.5618571,-80.577366,31.14880310328125,65.81501741505977,5.547623659622653
Starlink-23 (v1.0),2021-04-07 16:34:00+00:00,5e9d0d95eda69973a809d1ec,5e9e4501f509094ba4566f84,1,['60428b02c041c16716f73cde'],Falcon 9,CCSFS SLC 40,Florida,60428b02c041c16716f73cde,15600.0,2021,28.5618571,-80.577366,32.92182599846986,56.147823647062296,3.762423194475226
Crew-2,2021-04-23 09:49:00+00:00,5e9d0d95eda69973a809d1ec,5e9e4502f509094188566f88,1,['5fe3b3adb3467846b3242173'],Falcon 9,KSC LC 39A,Florida,5fe3b3adb3467846b3242173,,2021,28.6080585,-80.604333,21.360069499437277,79.75930973843518,9.273968098799642
Starlink-24 (v1.0),2021-04-29 03:44:00+00:00,5e9d0d95eda69973a809d1ec,5e9e4501f509094ba4566f84,1,['605b4be3aa5433645e37d046'],Falcon 9,CCSFS SLC 40,Florida,605b4be3aa5433645e37d046,15600.0,2021,28.5618571,-80.577366,17.201038490553536,53.54161256310371,7.067044560521056
Starlink-25 (v1.0),2021-05-04 19:01:00+00:00,5e9d0d95eda69973a809d1ec,5e9e4502f509094188566f88,1,['605b4befaa5433645e37d047'],Falcon 9,KSC LC 39A,Florida,605b4befaa5433645e37d047,15600.0,2021,28.6080585,-80.604333,19.558703250838832,61.9485710352818,11.673122237017441
Starlink-27 (v1.0),2021-05-09 06:42:00+00:00,5e9d0d95eda69973a809d1ec,5e9e4501f509094ba4566f84,1,['6079bd5e9a06446e8c61bf7c'],Falcon 9,CCSFS SLC 40,Florida,6079bd5e9a06446e8c61bf7c,15600.0,2021,28.5618571,-80.577366,23.542155772525128,43.922819067113295,1.5546927392996968
Starlink-26 (v1.0) + Capella-6 + Tyvak-0130,2021-05-15 22:54:00+00:00,5e9d0d95eda69973a809d1ec,5e9e4502f509094188566f88,1,"['605b4bfcaa5433645e37d048', '609f48374a12e4692eae4667', '609f49c64a12e4692eae4668']",Falcon 9,KSC LC 39A,Florida,605b4bfcaa5433645e37d048,13520.0,2021,28.6080585,-80.604333,31.36029531844986,41.267537170772876,19.48789615332333
Starlink-28 (v1.0),2021-05-26 18:59:00+00:00,5e9d0d95eda69973a809d1ec,5e9e4501f509094ba4566f84,1,['6079bd679a06446e8c61bf7d'],Falcon 9,CCSFS SLC 40,Florida,6079bd679a06446e8c61bf7d,15600.0,2021,28.5618571,-80.577366,32.21461166512687,88.13242073389625,19.72421488959206
CRS-22 & IROSA,2021-06-03 17:29:00+00:00,5e9d0d95eda69973a809d1ec,5e9e4502f509094188566f88,1,['5fe3b642b3467846b324217b'],Falcon 9,KSC LC 39A,Florida,5fe3b642b3467846b324217b,3328.0,2021,28.6080585,-80.604333,15.139042610623815,81.79900602561028,13.963234280394904
SXM-8,2021-06-06 04:26:00+00:00,5e9d0d95eda69973a809d1ec,5e9e4501f509094ba4566f84,1,['5fe3b57db3467846b324217a'],Falcon 9,CCSFS SLC 40,Florida,5fe3b57db3467846b324217a,7000.0,2021,28.5618571,-80.577366,25.214946051551316,74.7987103046849,10.721927326882408
GPS III SV05,2021-06-17 16:09:00+00:00,5e9d0d95eda69973a809d1ec,5e9e4501f509094ba4566f84,1,['5eb0e4d2b6c3bb0006eeb261'],Falcon 9,CCSFS SLC 40,Florida,5eb0e4d2b6c3bb0006eeb261,3681.0,2021,28.5618571,-80.577366,23.348220062975578,60.44764722071349,6.190552325726555
Transporter-2,2021-06-30 19:31:00+00:00,5e9d0d95eda69973a809d1ec,5e9e4501f509094ba4566f84,1,['608ac397eb3e50044e3630e7'],Falcon 9,CCSFS SLC 40,Florida,608ac397eb3e50044e3630e7,,2021,28.5618571,-80.577366,19.442156209414605,48.66471600354229,16.275900394138972
CRS-23,2021-08-29 07:14:00+00:00,5e9d0d95eda69973a809d1ec,5e9e4502f509094188566f88,1,['5fe3c4f2b3467846b3242193'],Falcon 9,KSC LC 39A,Florida,5fe3c4f2b3467846b3242193,,2021,28.6080585,-80.604333,17.397307346673657,47.8218521335543,13.694623451077586
Starlink 2-1 (v1.5),2021-09-14 03:55:00+00:00,5e9d0d95eda69973a809d1ec,5e9e4502f509092b78566f87,1,['60e3bf3373359e1e20335c3c'],Falcon 9,VAFB SLC 4E,California,60e3bf3373359e1e20335c3c,15600.0,2021,34.632093,-120.610829,21.75230342807256,52.512144908229764,3.252338786897826
Inspiration4,2021-09-16 00:02:00+00:00,5e9d0d95eda69973a809d1ec,5e9e4502f509094188566f88,1,['607a382f5a906a44023e0867'],Falcon 9,KSC LC 39A,Florida,607a382f5a906a44023e0867,,2021,28.6080585,-80.604333,33.858194078250385,67.46133323530603,18.21854368987685
Crew-3,2021-11-11 02:03:00+00:00,5e9d0d95eda69973a809d1ec,5e9e4502f509094188566f88,1,['5fe3b3bab3467846b3242174'],Falcon 9,KSC LC 39A,Florida,5fe3b3bab3467846b3242174,12519.0,2021,28.6080585,-80.604333,21.464058640415104,75.72979613500311,16.45074485846338
Starlink 4-1 (v1.5),2021-11-13 12:40:00+00:00,5e9d0d95eda69973a809d1ec,5e9e4501f509094ba4566f84,1,['618fabf0563d69573ed8caa6'],Falcon 9,CCSFS SLC 40,Florida,618fabf0563d69573ed8caa6,13260.0,2021,28.5618571,-80.577366,25.37581243486732,73.00986883588656,18.99599826583848
DART,2021-11-24 06:20:00+00:00,5e9d0d95eda69973a809d1ec,5e9e4502f509092b78566f87,1,['5fe3c4a6b3467846b3242192'],Falcon 9,VAFB SLC 4E,California,5fe3c4a6b3467846b3242192,670.0,2021,34.632093,-120.610829,29.060379177903556,53.99669484729714,14.5143901677672
Starlink 4-3 (v1.5),2021-12-01 23:20:00+00:00,5e9d0d95eda69973a809d1ec,5e9e4501f509094ba4566f84,1,['6161d0f26db1a92bfba85355'],Falcon 9,CCSFS SLC 40,Florida,6161d0f26db1a92bfba85355,13260.0,2021,28.5618571,-80.577366,22.27259204758588,87.7432640331597,12.268303918715798
IXPE,2021-12-09 06:00:00+00:00,5e9d0d95eda69973a809d1ec,5e9e4502f509094188566f88,1,['61c1f395a4a2462678cbf46e'],Falcon 9,KSC LC 39A,Florida,61c1f395a4a2462678cbf46e,330.0,2021,28.6080585,-80.604333,34.435641654419214,76.89484583478843,8.364860725812377
Starlink 4-4 (v1.5),2021-12-18 12:41:40+00:00,5e9d0d95eda69973a809d1ec,5e9e4502f509092b78566f87,1,['61bbac16437241381bf70632'],Falcon 9,VAFB SLC 4E,California,61bbac16437241381bf70632,13260.0,2021,34.632093,-120.610829,34.24894589884222,67.71770262557004,18.654569667080267
Türksat 5B,2021-12-19 03:58:00+00:00,5e9d0d95eda69973a809d1ec,5e9e4501f509094ba4566f84,1,['5fe3c080b3467846b3242190'],Falcon 9,CCSFS SLC 40,Florida,5fe3c080b3467846b3242190,3500.0,2021,28.5618571,-80.577366,20.035645916507285,70.5860373117176,17.321277790008168
CRS-24,2021-12-21 10:06:00+00:00,5e9d0d95eda69973a809d1ec,5e9e4502f509094188566f88,1,['6161d22a6db1a92bfba85357'],Falcon 9,KSC LC 39A,Florida,6161d22a6db1a92bfba85357,,2021,28.6080585,-80.604333,24.94497011784771,60.980003121389494,0.9043734021237881
Starlink 4-5 (v1.5),2022-01-06 21:49:00+00:00,5e9d0d95eda69973a809d1ec,5e9e4502f509094188566f88,1,['61d5ece4f88e4c5fc91f1ebb'],Falcon 9,KSC LC 39A,Florida,61d5ece4f88e4c5fc91f1ebb,13260.0,2022,28.6080585,-80.604333,21.017566196335395,52.386549475057876,0.5273394899450401
Transporter-3,2022-01-13 15:25:00+00:00,5e9d0d95eda69973a809d1ec,5e9e4501f509094ba4566f84,1,['6175aaacefa4314085aa9c56'],Falcon 9,CCSFS SLC 40,Florida,6175aaacefa4314085aa9c56,,2022,28.5618571,-80.577366,20.696809887549353,57.79863393256308,7.5292673375609915
Starlink 4-6 (v1.5),2022-01-19 00:04:00+00:00,5e9d0d95eda69973a809d1ec,5e9e4502f509094188566f88,1,['61e05516be8d8b66799018d4'],Falcon 9,KSC LC 39A,Florida,61e05516be8d8b66799018d4,13260.0,2022,28.6080585,-80.604333,15.737738947090655,77.89230552321845,16.211066615636657
CSG-2,2022-01-31 23:11:12+00:00,5e9d0d95eda69973a809d1ec,5e9e4501f509094ba4566f84,1,['6161d3a06db1a92bfba8535a'],Falcon 9,CCSFS SLC 40,Florida,6161d3a06db1a92bfba8535a,2240.0,2022,28.5618571,-80.577366,27.191286679597937,40.719674431487796,19.74552258629889
NROL-87,2022-02-02 20:18:00+00:00,5e9d0d95eda69973a809d1ec,5e9e4502f509092b78566f87,1,['6175aaacefa4314085aa9c56'],Falcon 9,VAFB SLC 4E,California,6175aaacefa4314085aa9c56,,2022,34.632093,-120.610829,25.05358046457723,45.80363202534581,3.0083378220705637
Starlink 4-7 (v1.5),2022-02-03 18:13:00+00:00,5e9d0d95eda69973a809d1ec,5e9e4502f509094188566f88,1,['61e05520be8d8b66799018d5'],Falcon 9,KSC LC 39A,Florida,61e05520be8d8b66799018d5,13260.0,2022,28.6080585,-80.604333,16.029575024999787,42.30013210108764,11.882614307042703
Starlink 4-8 (v1.5),2022-02-21 14:44:00+00:00,5e9d0d95eda69973a809d1ec,5e9e4501f509094ba4566f84,1,['61fc02e1e0dc5662b76489b4'],Falcon 9,CCSFS SLC 40,Florida,61fc02e1e0dc5662b76489b4,13260.0,2022,28.5618571,-80.577366,20.57292928473223,42.03644011594851,7.617817132620431
Starlink 4-11 (v1.5),2022-02-25 17:12:00+00:00,5e9d0d95eda69973a809d1ec,5e9e4502f509092b78566f87,1,['61fc0334e0dc5662b76489b5'],Falcon 9,VAFB SLC 4E,California,61fc0334e0dc5662b76489b5,13260.0,2022,34.632093,-120.610829,33.165317719333075,82.77302920055035,19.398287956292066
Starlink 4-9 (v1.5),2022-03-03 14:35:00+00:00,5e9d0d95eda69973a809d1ec,5e9e4502f509094188566f88,1,['61fc0379e0dc5662b76489b6'],Falcon 9,KSC LC 39A,Florida,61fc0379e0dc5662b76489b6,13260.0,2022,28.6080585,-80.604333,19.79123781333945,75.18289296900119,16.842378462714173
Starlink 4-10 (v1.5),2022-03-09 13:45:00+00:00,5e9d0d95eda69973a809d1ec,5e9e4501f509094ba4566f84,1,['61fc0382e0dc5662b76489b7'],Falcon 9,CCSFS SLC 40,Florida,61fc0382e0dc5662b76489b7,13260.0,2022,28.5618571,-80.577366,17.897897441824462,63.70869145436626,16.766574094222758
Starlink 4-12 (v1.5),2022-03-19 03:24:00+00:00,5e9d0d95eda69973a809d1ec,5e9e4501f509094ba4566f84,1,['623491e5f051102e1fcedac9'],Falcon 9,CCSFS SLC 40,Florida,623491e5f051102e1fcedac9,13260.0,2022,28.5618571,-80.577366,24.78905520555126,44.89170803255007,9.373863195899405
Transporter-4,2022-04-01 16:24:00+00:00,5e9d0d95eda69973a809d1ec,5e9e4501f509094ba4566f84,1,['6243af62af52800c6e919260'],Falcon 9,CCSFS SLC 40,Florida,6243af62af52800c6e919260,,2022,28.5618571,-80.577366,34.71300908221201,64.58079375584163,8.296390046753304
Ax-1,2022-04-08 15:17:00+00:00,5e9d0d95eda69973a809d1ec,5e9e4502f509094188566f88,1,['61eefb129eb1064137a1bd74'],Falcon 9,KSC LC 39A,Florida,61eefb129eb1064137a1bd74,,2022,28.6080585,-80.604333,19.84110543023001,63.67358853902829,5.468141438614125
NROL-85,2022-04-17 13:13:00+00:00,5e9d0d95eda69973a809d1ec,5e9e4502f509092b78566f87,1,['6243b036af52800c6e919262'],Falcon 9,VAFB SLC 4E,California,6243b036af52800c6e919262,,2022,34.632093,-120.610829,28.442710948117572,48.66009349550076,1.1275099330185423
Starlink 4-14 (v1.5),2022-04-21 15:16:00+00:00,5e9d0d95eda69973a809d1ec,5e9e4501f509094ba4566f84,1,['6243af9faf52800c6e919261'],Falcon 9,CCSFS SLC 40,Florida,6243af9faf52800c6e919261,13260.0,2022,28.5618571,-80.577366,30.23239230657435,61.69258246189865,17.294447525101063
Crew-4,2022-04-27 07:52:00+00:00,5e9d0d95eda69973a809d1ec,5e9e4502f509094188566f88,1,['6243b1cdaf52800c6e919265'],Falcon 9,KSC LC 39A,Florida,6243b1cdaf52800c6e919265,,2022,28.6080585,-80.604333,19.752750879847994,59.92523671986867,16.258020182601552
Starlink 4-16 (v1.5),2022-04-29 21:27:00+00:00,5e9d0d95eda69973a809d1ec,5e9e4501f509094ba4566f84,1,['62582aa55988f159024b964d'],Falcon 9,CCSFS SLC 40,Florida,62582aa55988f159024b964d,13260.0,2022,28.5618571,-80.577366,29.56432697223719,70.79250490261083,19.99435346572261
Starlink 4-17 (v1.5),2022-05-06 09:42:00+00:00,5e9d0d95eda69973a809d1ec,5e9e4502f509094188566f88,1,['62582aad5988f159024b964e'],Falcon 9,KSC LC 39A,Florida,62582aad5988f159024b964e,13260.0,2022,28.6080585,-80.604333,22.355662654385064,71.75468254338219,19.93273674147811
Starlink 4-13 (v1.5),2022-05-13 22:07:00+00:00,5e9d0d95eda69973a809d1ec,5e9e4502f509092b78566f87,1,['625829d75988f159024b9649'],Falcon 9,VAFB SLC 4E,California,625829d75988f159024b9649,13260.0,2022,34.632093,-120.610829,27.64611661187159,42.265200488602225,11.108634112052549
Starlink 4-15 (v1.5),2022-05-14 20:40:00+00:00,5e9d0d95eda69973a809d1ec,5e9e4501f509094ba4566f84,1,['625829cf5988f159024b9648'],Falcon 9,CCSFS SLC 40,Florida,625829cf5988f159024b9648,13260.0,2022,28.5618571,-80.577366,27.670594215217896,58.73063073132356,15.37974830361021
Starlink 4-18 (v1.5),2022-05-18 10:40:00+00:00,5e9d0d95eda69973a809d1ec,5e9e4502f509094188566f88,1,['62615ee40ec008379be596fd'],Falcon 9,KSC LC 39A,Florida,62615ee40ec008379be596fd,13260.0,2022,28.6080585,-80.604333,25.71549368149517,71.29299578571182,18.89531459764856
Transporter-5,2022-05-25 18:27:00+00:00,5e9d0d95eda69973a809d1ec,5e9e4501f509094ba4566f84,1,['6243b39daf52800c6e919267'],Falcon 9,CCSFS SLC 40,Florida,6243b39daf52800c6e919267,,2022,28.5618571,-80.577366,16.805795401088165,65.15681292900439,16.99294781354823
Nilesat-301,2022-06-08 21:04:00+00:00,5e9d0d95eda69973a809d1ec,5e9e4501f509094ba4566f84,1,['6243b286af52800c6e919266'],Falcon 9,CCSFS SLC 40,Florida,6243b286af52800c6e919266,3938.0,2022,28.5618571,-80.577366,31.70604991178476,82.82449205941612,4.946962034863953
Starlink 4-19 (v1.5),2022-06-01 17:08:50+00:00,5e9d0d95eda69973a809d1ec,5e9e4502f509094188566f88,1,['6278484e57b51b752c5c5a63'],Falcon 9,KSC LC 39A,Florida,6278484e57b51b752c5c5a63,13260.0,2022,28.6080585,-80.604333,21.415601299434716,72.93468158094726,9.01088270620187
SARah 1,2022-06-18 14:19:00+00:00,5e9d0d95eda69973a809d1ec,5e9e4502f509092b78566f87,1,['5fe3b2abb3467846b3242172'],Falcon 9,VAFB SLC 4E,California,5fe3b2abb3467846b3242172,2200.0,2022,34.632093,-120.610829,18.730370207997083,48.14672135407149,2.5831883030298997
Globalstar FM15,2022-06-19 04:27:00+00:00,5e9d0d95eda69973a809d1ec,5e9e4501f509094ba4566f84,1,['62adecbcd26f4f711fa53848'],Falcon 9,CCSFS SLC 40,Florida,62adecbcd26f4f711fa53848,700.0,2022,28.5618571,-80.577366,15.815502831095278,43.52843737002149,19.081020545174447
SES-22,2022-06-29 21:04:00+00:00,5e9d0d95eda69973a809d1ec,5e9e4501f509094ba4566f84,1,['6243b93caf52800c6e91926f'],Falcon 9,CCSFS SLC 40,Florida,6243b93caf52800c6e91926f,3500.0,2022,28.5618571,-80.577366,26.817858863764837,72.12096391031578,12.123492689017601
Starlink 4-21 (v1.5),2022-07-07 13:11:00+00:00,5e9d0d95eda69973a809d1ec,5e9e4501f509094ba4566f84,1,['630bccc6d36448026ab01639'],Falcon 9,CCSFS SLC 40,Florida,630bccc6d36448026ab01639,13260.0,2022,28.5618571,-80.577366,28.55128723684565,41.32556552708109,4.572856110069255
CRS-25,2022-07-15 00:44:00+00:00,5e9d0d95eda69973a809d1ec,5e9e4502f509094188566f88,1,['6243b835af52800c6e91926d'],Falcon 9,KSC LC 39A,Florida,6243b835af52800c6e91926d,,2022,28.6080585,-80.604333,15.331756578557123,69.28877906367316,13.434013688117135
Starlink 4-22 (v1.5),2022-07-17 14:50:00+00:00,5e9d0d95eda69973a809d1ec,5e9e4501f509094ba4566f84,1,['630bce10d36448026ab0163b'],Falcon 9,CCSFS SLC 40,Florida,630bce10d36448026ab0163b,13260.0,2022,28.5618571,-80.577366,25.24186116598562,87.01151207124788,12.362564809157917
Starlink 3-2 (v1.5),2022-07-21 17:13:00+00:00,5e9d0d95eda69973a809d1ec,5e9e4502f509092b78566f87,1,['630bce49d36448026ab0163c'],Falcon 9,VAFB SLC 4E,California,630bce49d36448026ab0163c,13260.0,2022,34.632093,-120.610829,19.529915503958758,68.77370889379395,7.1632543606568095
Starlink 4-25 (v1.5),2022-07-24 00:00:00+00:00,5e9d0d95eda69973a809d1ec,5e9e4501f509094ba4566f84,1,['630bce79d36448026ab0163d'],Falcon 9,CCSFS SLC 40,Florida,630bce79d36448026ab0163d,13260.0,2022,28.5618571,-80.577366,27.903455808188998,59.4084963103261,2.2711518439925804
KPLO,2022-08-04 23:08:00+00:00,5e9d0d95eda69973a809d1ec,5e9e4501f509094ba4566f84,1,['630bcfe1d36448026ab01641'],Falcon 9,CCSFS SLC 40,Florida,630bcfe1d36448026ab01641,678.0,2022,28.5618571,-80.577366,18.487328580099827,72.16441092211767,13.431463911855992
Starlink 4-26 (v1.5),2022-08-09 22:57:00+00:00,5e9d0d95eda69973a809d1ec,5e9e4502f509094188566f88,1,['630bcea1d36448026ab0163e'],Falcon 9,KSC LC 39A,Florida,630bcea1d36448026ab0163e,13260.0,2022,28.6080585,-80.604333,28.81875476204932,62.91264452457583,10.406154018075867
Starlink 3-3 (v1.5),2022-08-12 21:30:00+00:00,5e9d0d95eda69973a809d1ec,5e9e4502f509092b78566f87,1,['630bceb8d36448026ab01640'],Falcon 9,VAFB SLC 4E,California,630bceb8d36448026ab01640,13260.0,2022,34.632093,-120.610829,22.734706926010748,67.28083946579675,15.446367834712786
Starlink 4-27 (v1.5),2022-08-19 19:24:00+00:00,5e9d0d95eda69973a809d1ec,5e9e4501f509094ba4566f84,1,['630bceadd36448026ab0163f'],Falcon 9,CCSFS SLC 40,Florida,630bceadd36448026ab0163f,13260.0,2022,28.5618571,-80.577366,33.73459977473469,87.07324043882626,10.403270022239868
Starlink 4-23 (v1.5),2022-08-28 02:22:00+00:00,5e9d0d95eda69973a809d1ec,5e9e4502f509094188566f88,1,['631614d7ffc78f3b85670716'],Falcon 9,KSC LC 39A,Florida,631614d7ffc78f3b85670716,13260.0,2022,28.6080585,-80.604333,17.750418882919867,59.30513189003871,17.0436300063708
Starlink 3-4 (v1.5),2022-08-31 05:40:00+00:00,5e9d0d95eda69973a809d1ec,5e9e4502f509092b78566f87,1,['630f63bf18702d4844fb5391'],Falcon 9,VAFB SLC 4E,California,630f63bf18702d4844fb5391,13260.0,2022,34.632093,-120.610829,21.82132702100517,88.05952819119571,11.038136775489711
Starlink 4-20 (v1.5) & Sherpa LTC-2/Varuna-TDM,2022-09-05 02:09:00+00:00,5e9d0d95eda69973a809d1ec,5e9e4501f509094ba4566f84,1,"['631614e9ffc78f3b85670717', '631617fbffc78f3b8567071d']",Falcon 9,CCSFS SLC 40,Florida,631614e9ffc78f3b85670717,13260.0,2022,28.5618571,-80.577366,17.269470424811782,85.26753209780318,11.218759430707726
Starlink 4-2 (v1.5) & Blue Walker 3,2022-09-11 01:10:00+00:00,5e9d0d95eda69973a809d1ec,5e9e4502f509094188566f88,1,"['63161610ffc78f3b85670718', '63161872ffc78f3b8567071e']",Falcon 9,KSC LC 39A,Florida,63161610ffc78f3b85670718,13260.0,2022,28.6080585,-80.604333,33.49387236557126,49.78955673946482,17.5330720531669
Starlink 4-34 (v1.5),2022-09-17 01:05:00+00:00,5e9d0d95eda69973a809d1ec,5e9e4501f509094ba4566f84,1,['63161699ffc78f3b85670719'],Falcon 9,CCSFS SLC 40,Florida,63161699ffc78f3b85670719,13260.0,2022,28.5618571,-80.577366,32.54678706761962,43.46806504375827,8.069657324247942
Starlink 4-35 (v1.5),2022-09-24 23:30:00+00:00,5e9d0d95eda69973a809d1ec,5e9e4501f509094ba4566f84,1,['631616a7ffc78f3b8567071a'],Falcon 9,CCSFS SLC 40,Florida,631616a7ffc78f3b8567071a,13260.0,2022,28.5618571,-80.577366,20.15883255430311,45.038900068871335,2.6803045690128147
Crew-5,2022-10-05 16:00:00+00:00,5e9d0d95eda69973a809d1ec,5e9e4502f509094188566f88,1,['62dd73ed202306255024d145'],Falcon 9,KSC LC 39A,Florida,62dd73ed202306255024d145,,2022,28.6080585,-80.604333,28.19968092068358,40.91109128257749,0.5756535262667795
