name,date_utc,rocket,launchpad,success,payloads,rocket_name,launch_site,launch_region,payload_id,payload_mass_kg,year,latitude,longitude
FalconSat,2006-03-24 22:30:00+00:00,5e9d0d95eda69955f709d1eb,5e9e4502f5090995de566f86,0,['5eb0e4b5b6c3bb0006eeb1e1'],Falcon 1,Kwajalein Atoll,Marshall Islands,5eb0e4b5b6c3bb0006eeb1e1,20.0,2006,,
DemoSat,2007-03-21 01:10:00+00:00,5e9d0d95eda69955f709d1eb,5e9e4502f5090995de566f86,0,['5eb0e4b6b6c3bb0006eeb1e2'],Falcon 1,Kwajalein Atoll,Marshall Islands,5eb0e4b6b6c3bb0006eeb1e2,,2007,,
Trailblazer,2008-08-03 03:34:00+00:00,5e9d0d95eda69955f709d1eb,5e9e4502f5090995de566f86,0,"['5eb0e4b6b6c3bb0006eeb1e3', '5eb0e4b6b6c3bb0006eeb1e4']",Falcon 1,Kwajalein Atoll,Marshall Islands,5eb0e4b6b6c3bb0006eeb1e3,,2008,,
RatSat,2008-09-28 23:15:00+00:00,5e9d0d95eda69955f709d1eb,5e9e4502f5090995de566f86,1,['5eb0e4b7b6c3bb0006eeb1e5'],Falcon 1,Kwajalein Atoll,Marshall Islands,5eb0e4b7b6c3bb0006eeb1e5,165.0,2008,,
RazakSat,2009-07-13 03:35:00+00:00,5e9d0d95eda69955f709d1eb,5e9e4502f5090995de566f86,1,['5eb0e4b7b6c3bb0006eeb1e6'],Falcon 1,Kwajalein Atoll,Marshall Islands,5eb0e4b7b6c3bb0006eeb1e6,200.0,2009,,
Falcon 9 Test Flight,2010-06-04 18:45:00+00:00,5e9d0d95eda69973a809d1ec,5e9e4501f509094ba4566f84,1,['5eb0e4b7b6c3bb0006eeb1e7'],Falcon 9,CCSFS SLC 40,Florida,5eb0e4b7b6c3bb0006eeb1e7,,2010,,
COTS 1,2010-12-08 15:43:00+00:00,5e9d0d95eda69973a809d1ec,5e9e4501f509094ba4566f84,1,"['5eb0e4b9b6c3bb0006eeb1e8', '5eb0e4b9b6c3bb0006eeb1e9']",Falcon 9,CCSFS SLC 40,Florida,5eb0e4b9b6c3bb0006eeb1e8,,2010,,
COTS 2,2012-05-22 07:44:00+00:00,5e9d0d95eda69973a809d1ec,5e9e4501f509094ba4566f84,1,['5eb0e4bab6c3bb0006eeb1ea'],Falcon 9,CCSFS SLC 40,Florida,5eb0e4bab6c3bb0006eeb1ea,525.0,2012,,
CRS-1,2012-10-08 00:35:00+00:00,5e9d0d95eda69973a809d1ec,5e9e4501f509094ba4566f84,1,"['5eb0e4bab6c3bb0006eeb1eb', '5eb0e4bab6c3bb0006eeb1ec']",Falcon 9,CCSFS SLC 40,Florida,5eb0e4bab6c3bb0006eeb1eb,400.0,2012,,
CRS-2,2013-03-01 19:10:00+00:00,5e9d0d95eda69973a809d1ec,5e9e4501f509094ba4566f84,1,['5eb0e4bbb6c3bb0006eeb1ed'],Falcon 9,CCSFS SLC 40,Florida,5eb0e4bbb6c3bb0006eeb1ed,677.0,2013,,
CASSIOPE,2013-09-29 16:00:00+00:00,5e9d0d95eda69973a809d1ec,5e9e4502f509092b78566f87,1,['5eb0e4bbb6c3bb0006eeb1ee'],Falcon 9,VAFB SLC 4E,California,5eb0e4bbb6c3bb0006eeb1ee,500.0,2013,34.632093,-120.610829
SES-8,2013-12-03 22:41:00+00:00,5e9d0d95eda69973a809d1ec,5e9e4501f509094ba4566f84,1,['5eb0e4bbb6c3bb0006eeb1ef'],Falcon 9,CCSFS SLC 40,Florida,5eb0e4bbb6c3bb0006eeb1ef,3170.0,2013,,
Thaicom 6,2014-01-06 18:06:00+00:00,5e9d0d95eda69973a809d1ec,5e9e4501f509094ba4566f84,1,['5eb0e4bbb6c3bb0006eeb1f0'],Falcon 9,CCSFS SLC 40,Florida,5eb0e4bbb6c3bb0006eeb1f0,3325.0,2014,,
CRS-3,2014-04-18 19:25:00+00:00,5e9d0d95eda69973a809d1ec,5e9e4501f509094ba4566f84,1,['5eb0e4bbb6c3bb0006eeb1f1'],Falcon 9,CCSFS SLC 40,Florida,5eb0e4bbb6c3bb0006eeb1f1,2296.0,2014,,
OG-2 Mission 1,2014-07-14 15:15:00+00:00,5e9d0d95eda69973a809d1ec,5e9e4501f509094ba4566f84,1,['5eb0e4bcb6c3bb0006eeb1f2'],Falcon 9,CCSFS SLC 40,Florida,5eb0e4bcb6c3bb0006eeb1f2,1316.0,2014,,
AsiaSat 8,2014-08-05 08:00:00+00:00,5e9d0d95eda69973a809d1ec,5e9e4501f509094ba4566f84,1,['5eb0e4bcb6c3bb0006eeb1f3'],Falcon 9,CCSFS SLC 40,Florida,5eb0e4bcb6c3bb0006eeb1f3,4535.0,2014,,
AsiaSat 6,2014-09-07 05:00:00+00:00,5e9d0d95eda69973a809d1ec,5e9e4501f509094ba4566f84,1,['5eb0e4bcb6c3bb0006eeb1f4'],Falcon 9,CCSFS SLC 40,Florida,5eb0e4bcb6c3bb0006eeb1f4,4428.0,2014,,
CRS-4,2014-09-21 05:52:00+00:00,5e9d0d95eda69973a809d1ec,5e9e4501f509094ba4566f84,1,['5eb0e4bcb6c3bb0006eeb1f5'],Falcon 9,CCSFS SLC 40,Florida,5eb0e4bcb6c3bb0006eeb1f5,2216.0,2014,,
CRS-5,2015-01-10 09:47:00+00:00,5e9d0d95eda69973a809d1ec,5e9e4501f509094ba4566f84,1,['5eb0e4bdb6c3bb0006eeb1f6'],Falcon 9,CCSFS SLC 40,Florida,5eb0e4bdb6c3bb0006eeb1f6,2395.0,2015,,
DSCOVR,2015-02-11 23:03:00+00:00,5e9d0d95eda69973a809d1ec,5e9e4501f509094ba4566f84,1,['5eb0e4bdb6c3bb0006eeb1f7'],Falcon 9,CCSFS SLC 40,Florida,5eb0e4bdb6c3bb0006eeb1f7,570.0,2015,,
ABS-3A / Eutelsat 115W B,2015-03-02 03:50:00+00:00,5e9d0d95eda69973a809d1ec,5e9e4501f509094ba4566f84,1,"['5eb0e4bdb6c3bb0006eeb1f8', '5eb0e4bdb6c3bb0006eeb1f9']",Falcon 9,CCSFS SLC 40,Florida,5eb0e4bdb6c3bb0006eeb1f8,1954.0,2015,,
CRS-6,2015-04-14 20:10:00+00:00,5e9d0d95eda69973a809d1ec,5e9e4501f509094ba4566f84,1,['5eb0e4bdb6c3bb0006eeb1fa'],Falcon 9,CCSFS SLC 40,Florida,5eb0e4bdb6c3bb0006eeb1fa,1898.0,2015,,
TürkmenÄlem 52°E / MonacoSAT,2015-04-27 23:03:00+00:00,5e9d0d95eda69973a809d1ec,5e9e4501f509094ba4566f84,1,['5eb0e4beb6c3bb0006eeb1fb'],Falcon 9,CCSFS SLC 40,Florida,5eb0e4beb6c3bb0006eeb1fb,4707.0,2015,,
CRS-7,2015-06-28 14:21:00+00:00,5e9d0d95eda69973a809d1ec,5e9e4501f509094ba4566f84,0,['5eb0e4beb6c3bb0006eeb1fc'],Falcon 9,CCSFS SLC 40,Florida,5eb0e4beb6c3bb0006eeb1fc,2477.0,2015,,
OG-2 Mission 2,2015-12-22 01:29:00+00:00,5e9d0d95eda69973a809d1ec,5e9e4501f509094ba4566f84,1,['5eb0e4beb6c3bb0006eeb1fd'],Falcon 9,CCSFS SLC 40,Florida,5eb0e4beb6c3bb0006eeb1fd,2034.0,2015,,
Jason 3,2016-01-17 15:42:00+00:00,5e9d0d95eda69973a809d1ec,5e9e4502f509092b78566f87,1,['5eb0e4beb6c3bb0006eeb1fe'],Falcon 9,VAFB SLC 4E,California,5eb0e4beb6c3bb0006eeb1fe,553.0,2016,34.632093,-120.610829
SES-9,2016-03-04 23:35:00+00:00,5e9d0d95eda69973a809d1ec,5e9e4501f509094ba4566f84,1,['5eb0e4beb6c3bb0006eeb1ff'],Falcon 9,CCSFS SLC 40,Florida,5eb0e4beb6c3bb0006eeb1ff,5271.0,2016,,
CRS-8,2016-04-08 20:43:00+00:00,5e9d0d95eda69973a809d1ec,5e9e4501f509094ba4566f84,1,['5eb0e4bfb6c3bb0006eeb200'],Falcon 9,CCSFS SLC 40,Florida,5eb0e4bfb6c3bb0006eeb200,3136.0,2016,,
JCSAT-2B,2016-05-06 05:21:00+00:00,5e9d0d95eda69973a809d1ec,5e9e4501f509094ba4566f84,1,['5eb0e4bfb6c3bb0006eeb201'],Falcon 9,CCSFS SLC 40,Florida,5eb0e4bfb6c3bb0006eeb201,4696.0,2016,,
Thaicom 8,2016-05-27 21:39:00+00:00,5e9d0d95eda69973a809d1ec,5e9e4501f509094ba4566f84,1,['5eb0e4bfb6c3bb0006eeb202'],Falcon 9,CCSFS SLC 40,Florida,5eb0e4bfb6c3bb0006eeb202,3100.0,2016,,
ABS-2A / Eutelsat 117W B,2016-06-15 14:29:00+00:00,5e9d0d95eda69973a809d1ec,5e9e4501f509094ba4566f84,1,"['5eb0e4bfb6c3bb0006eeb203', '5eb0e4bfb6c3bb0006eeb204']",Falcon 9,CCSFS SLC 40,Florida,5eb0e4bfb6c3bb0006eeb203,1800.0,2016,,
CRS-9,2016-07-18 04:45:00+00:00,5e9d0d95eda69973a809d1ec,5e9e4501f509094ba4566f84,1,['5eb0e4c0b6c3bb0006eeb205'],Falcon 9,CCSFS SLC 40,Florida,5eb0e4c0b6c3bb0006eeb205,2257.0,2016,,
JCSAT-16,2016-08-14 05:26:00+00:00,5e9d0d95eda69973a809d1ec,5e9e4501f509094ba4566f84,1,['5eb0e4c1b6c3bb0006eeb206'],Falcon 9,CCSFS SLC 40,Florida,5eb0e4c1b6c3bb0006eeb206,4600.0,2016,,
Amos-6,2016-09-01 13:07:00+00:00,5e9d0d95eda69973a809d1ec,5e9e4501f509094ba4566f84,0,['5eb0e4c1b6c3bb0006eeb207'],Falcon 9,CCSFS SLC 40,Florida,5eb0e4c1b6c3bb0006eeb207,5500.0,2016,,
Iridium NEXT Mission 1,2017-01-14 17:54:00+00:00,5e9d0d95eda69973a809d1ec,5e9e4502f509092b78566f87,1,['5eb0e4c2b6c3bb0006eeb208'],Falcon 9,VAFB SLC 4E,California,5eb0e4c2b6c3bb0006eeb208,9600.0,2017,34.632093,-120.610829
CRS-10,2017-02-19 14:39:00+00:00,5e9d0d95eda69973a809d1ec,5e9e4502f509094188566f88,1,['5eb0e4c3b6c3bb0006eeb209'],Falcon 9,KSC LC 39A,Florida,5eb0e4c3b6c3bb0006eeb209,2490.0,2017,28.6080585,-80.6039558
EchoStar 23,2017-03-16 06:00:00+00:00,5e9d0d95eda69973a809d1ec,5e9e4502f509094188566f88,1,['5eb0e4c3b6c3bb0006eeb20a'],Falcon 9,KSC LC 39A,Florida,5eb0e4c3b6c3bb0006eeb20a,5600.0,2017,28.6080585,-80.6039558
SES-10,2017-03-30 22:27:00+00:00,5e9d0d95eda69973a809d1ec,5e9e4502f509094188566f88,1,['5eb0e4c3b6c3bb0006eeb20b'],Falcon 9,KSC LC 39A,Florida,5eb0e4c3b6c3bb0006eeb20b,5300.0,2017,28.6080585,-80.6039558
NROL-76,2017-05-01 11:15:00+00:00,5e9d0d95eda69973a809d1ec,5e9e4502f509094188566f88,1,['5eb0e4c3b6c3bb0006eeb20c'],Falcon 9,KSC LC 39A,Florida,5eb0e4c3b6c3bb0006eeb20c,,2017,28.6080585,-80.6039558
Inmarsat-5 F4,2017-05-15 23:21:00+00:00,5e9d0d95eda69973a809d1ec,5e9e4502f509094188566f88,1,['5eb0e4c3b6c3bb0006eeb20d'],Falcon 9,KSC LC 39A,Florida,5eb0e4c3b6c3bb0006eeb20d,6070.0,2017,28.6080585,-80.6039558
CRS-11,2017-06-03 21:07:00+00:00,5e9d0d95eda69973a809d1ec,5e9e4502f509094188566f88,1,['5eb0e4c4b6c3bb0006eeb20e'],Falcon 9,KSC LC 39A,Florida,5eb0e4c4b6c3bb0006eeb20e,2708.0,2017,28.6080585,-80.6039558
BulgariaSat-1,2017-06-23 19:10:00+00:00,5e9d0d95eda69973a809d1ec,5e9e4502f509094188566f88,1,['5eb0e4c4b6c3bb0006eeb20f'],Falcon 9,KSC LC 39A,Florida,5eb0e4c4b6c3bb0006eeb20f,3669.0,2017,28.6080585,-80.6039558
Iridium NEXT Mission 2,2017-06-25 20:25:00+00:00,5e9d0d95eda69973a809d1ec,5e9e4502f509092b78566f87,1,['5eb0e4c4b6c3bb0006eeb210'],Falcon 9,VAFB SLC 4E,California,5eb0e4c4b6c3bb0006eeb210,9600.0,2017,34.632093,-120.610829
Intelsat 35e,2017-07-05 23:35:00+00:00,5e9d0d95eda69973a809d1ec,5e9e4502f509094188566f88,1,['5eb0e4c4b6c3bb0006eeb211'],Falcon 9,KSC LC 39A,Florida,5eb0e4c4b6c3bb0006eeb211,6761.0,2017,28.6080585,-80.6039558
CRS-12,2017-08-14 16:31:00+00:00,5e9d0d95eda69973a809d1ec,5e9e4502f509094188566f88,1,['5eb0e4c4b6c3bb0006eeb212'],Falcon 9,KSC LC 39A,Florida,5eb0e4c4b6c3bb0006eeb212,2910.0,2017,28.6080585,-80.6039558
FormoSat-5,2017-08-24 18:50:00+00:00,5e9d0d95eda69973a809d1ec,5e9e4502f509092b78566f87,1,['5eb0e4c4b6c3bb0006eeb213'],Falcon 9,VAFB SLC 4E,California,5eb0e4c4b6c3bb0006eeb213,475.0,2017,34.632093,-120.610829
Boeing X-37B OTV-5,2017-09-07 13:50:00+00:00,5e9d0d95eda69973a809d1ec,5e9e4502f509094188566f88,1,['5eb0e4c5b6c3bb0006eeb214'],Falcon 9,KSC LC 39A,Florida,5eb0e4c5b6c3bb0006eeb214,4990.0,2017,28.6080585,-80.6039558
Iridium NEXT Mission 3,2017-10-09 12:37:00+00:00,5e9d0d95eda69973a809d1ec,5e9e4502f509092b78566f87,1,['5eb0e4c5b6c3bb0006eeb215'],Falcon 9,VAFB SLC 4E,California,5eb0e4c5b6c3bb0006eeb215,9600.0,2017,34.632093,-120.610829
SES-11 / Echostar 105,2017-10-11 22:53:00+00:00,5e9d0d95eda69973a809d1ec,5e9e4502f509094188566f88,1,['5eb0e4c5b6c3bb0006eeb216'],Falcon 9,KSC LC 39A,Florida,5eb0e4c5b6c3bb0006eeb216,5200.0,2017,28.6080585,-80.6039558
KoreaSat 5A,2017-10-30 19:34:00+00:00,5e9d0d95eda69973a809d1ec,5e9e4502f509094188566f88,1,['5eb0e4c5b6c3bb0006eeb217'],Falcon 9,KSC LC 39A,Florida,5eb0e4c5b6c3bb0006eeb217,3700.0,2017,28.6080585,-80.6039558
CRS-13,2017-12-15 15:36:00+00:00,5e9d0d95eda69973a809d1ec,5e9e4501f509094ba4566f84,1,['5eb0e4c5b6c3bb0006eeb218'],Falcon 9,CCSFS SLC 40,Florida,5eb0e4c5b6c3bb0006eeb218,2205.0,2017,,
Iridium NEXT Mission 4,2017-12-23 01:27:23+00:00,5e9d0d95eda69973a809d1ec,5e9e4502f509092b78566f87,1,['5eb0e4c6b6c3bb0006eeb219'],Falcon 9,VAFB SLC 4E,California,5eb0e4c6b6c3bb0006eeb219,9600.0,2017,34.632093,-120.610829
ZUMA,2018-01-08 01:00:00+00:00,5e9d0d95eda69973a809d1ec,5e9e4501f509094ba4566f84,1,['5eb0e4c6b6c3bb0006eeb21a'],Falcon 9,CCSFS SLC 40,Florida,5eb0e4c6b6c3bb0006eeb21a,,2018,,
SES-16 / GovSat-1,2018-01-31 21:25:00+00:00,5e9d0d95eda69973a809d1ec,5e9e4501f509094ba4566f84,1,['5eb0e4c6b6c3bb0006eeb21b'],Falcon 9,CCSFS SLC 40,Florida,5eb0e4c6b6c3bb0006eeb21b,4230.0,2018,,
Falcon Heavy Test Flight,2018-02-06 20:45:00+00:00,5e9d0d95eda69974db09d1ed,5e9e4502f509094188566f88,1,['5eb0e4c6b6c3bb0006eeb21c'],Falcon Heavy,KSC LC 39A,Florida,5eb0e4c6b6c3bb0006eeb21c,1350.0,2018,28.6080585,-80.6039558
Paz / Starlink Demo,2018-02-22 14:17:00+00:00,5e9d0d95eda69973a809d1ec,5e9e4502f509092b78566f87,1,"['5eb0e4c6b6c3bb0006eeb21d', '5eb0e4c6b6c3bb0006eeb21e']",Falcon 9,VAFB SLC 4E,California,5eb0e4c6b6c3bb0006eeb21d,1350.0,2018,34.632093,-120.610829
Hispasat 30W-6,2018-03-06 05:33:00+00:00,5e9d0d95eda69973a809d1ec,5e9e4501f509094ba4566f84,1,['5eb0e4c7b6c3bb0006eeb21f'],Falcon 9,CCSFS SLC 40,Florida,5eb0e4c7b6c3bb0006eeb21f,6092.0,2018,,
Iridium NEXT Mission 5,2018-03-30 14:13:51+00:00,5e9d0d95eda69973a809d1ec,5e9e4502f509092b78566f87,1,['5eb0e4c7b6c3bb0006eeb220'],Falcon 9,VAFB SLC 4E,California,5eb0e4c7b6c3bb0006eeb220,9600.0,2018,34.632093,-120.610829
CRS-14,2018-04-02 20:30:41+00:00,5e9d0d95eda69973a809d1ec,5e9e4501f509094ba4566f84,1,['5eb0e4c7b6c3bb0006eeb221'],Falcon 9,CCSFS SLC 40,Florida,5eb0e4c7b6c3bb0006eeb221,2760.0,2018,,
TESS,2018-04-18 22:51:00+00:00,5e9d0d95eda69973a809d1ec,5e9e4501f509094ba4566f84,1,['5eb0e4c7b6c3bb0006eeb222'],Falcon 9,CCSFS SLC 40,Florida,5eb0e4c7b6c3bb0006eeb222,350.0,2018,,
Bangabandhu-1,2018-05-11 20:14:00+00:00,5e9d0d95eda69973a809d1ec,5e9e4502f509094188566f88,1,['5eb0e4c7b6c3bb0006eeb223'],Falcon 9,KSC LC 39A,Florida,5eb0e4c7b6c3bb0006eeb223,3750.0,2018,28.6080585,-80.6039558
Iridium NEXT Mission 6,2018-05-22 19:47:58+00:00,5e9d0d95eda69973a809d1ec,5e9e4502f509092b78566f87,1,"['5eb0e4c7b6c3bb0006eeb224', '5eb0e4c8b6c3bb0006eeb225']",Falcon 9,VAFB SLC 4E,California,5eb0e4c7b6c3bb0006eeb224,4300.0,2018,34.632093,-120.610829
SES-12,2018-06-04 04:45:00+00:00,5e9d0d95eda69973a809d1ec,5e9e4501f509094ba4566f84,1,['5eb0e4c8b6c3bb0006eeb226'],Falcon 9,CCSFS SLC 40,Florida,5eb0e4c8b6c3bb0006eeb226,5383.85,2018,,
CRS-15,2018-06-29 09:42:00+00:00,5e9d0d95eda69973a809d1ec,5e9e4501f509094ba4566f84,1,['5eb0e4c8b6c3bb0006eeb227'],Falcon 9,CCSFS SLC 40,Florida,5eb0e4c8b6c3bb0006eeb227,2410.0,2018,,
Telstar 19V,2018-07-22 05:50:00+00:00,5e9d0d95eda69973a809d1ec,5e9e4501f509094ba4566f84,1,['5eb0e4c8b6c3bb0006eeb228'],Falcon 9,CCSFS SLC 40,Florida,5eb0e4c8b6c3bb0006eeb228,7076.0,2018,,
Iridium NEXT Mission 7,2018-07-25 11:39:26+00:00,5e9d0d95eda69973a809d1ec,5e9e4502f509092b78566f87,1,['5eb0e4c9b6c3bb0006eeb229'],Falcon 9,VAFB SLC 4E,California,5eb0e4c9b6c3bb0006eeb229,9600.0,2018,34.632093,-120.610829
Merah Putih,2018-08-07 05:18:00+00:00,5e9d0d95eda69973a809d1ec,5e9e4501f509094ba4566f84,1,['5eb0e4c9b6c3bb0006eeb22a'],Falcon 9,CCSFS SLC 40,Florida,5eb0e4c9b6c3bb0006eeb22a,5800.0,2018,,
Telstar 18V,2018-09-10 04:45:00+00:00,5e9d0d95eda69973a809d1ec,5e9e4501f509094ba4566f84,1,['5eb0e4c9b6c3bb0006eeb22b'],Falcon 9,CCSFS SLC 40,Florida,5eb0e4c9b6c3bb0006eeb22b,7060.0,2018,,
SAOCOM 1A,2018-10-08 02:22:00+00:00,5e9d0d95eda69973a809d1ec,5e9e4502f509092b78566f87,1,['5eb0e4c9b6c3bb0006eeb22c'],Falcon 9,VAFB SLC 4E,California,5eb0e4c9b6c3bb0006eeb22c,2800.0,2018,34.632093,-120.610829
Es’hail 2,2018-11-15 20:46:00+00:00,5e9d0d95eda69973a809d1ec,5e9e4502f509094188566f88,1,['5eb0e4c9b6c3bb0006eeb22d'],Falcon 9,KSC LC 39A,Florida,5eb0e4c9b6c3bb0006eeb22d,3000.0,2018,28.6080585,-80.6039558
SSO-A,2018-12-03 18:34:00+00:00,5e9d0d95eda69973a809d1ec,5e9e4502f509092b78566f87,1,['5eb0e4c9b6c3bb0006eeb22e'],Falcon 9,VAFB SLC 4E,California,5eb0e4c9b6c3bb0006eeb22e,4000.0,2018,34.632093,-120.610829
CRS-16,2018-12-05 18:16:00+00:00,5e9d0d95eda69973a809d1ec,5e9e4501f509094ba4566f84,1,['5eb0e4cab6c3bb0006eeb22f'],Falcon 9,CCSFS SLC 40,Florida,5eb0e4cab6c3bb0006eeb22f,2573.0,2018,,
GPS III SV01,2018-12-23 13:51:00+00:00,5e9d0d95eda69973a809d1ec,5e9e4501f509094ba4566f84,1,['5eb0e4cab6c3bb0006eeb230'],Falcon 9,CCSFS SLC 40,Florida,5eb0e4cab6c3bb0006eeb230,4400.0,2018,,
Iridium NEXT Mission 8,2019-01-11 15:31:00+00:00,5e9d0d95eda69973a809d1ec,5e9e4502f509092b78566f87,1,['5eb0e4cab6c3bb0006eeb231'],Falcon 9,VAFB SLC 4E,California,5eb0e4cab6c3bb0006eeb231,9600.0,2019,34.632093,-120.610829
Nusantara Satu (PSN-6) / S5 / Beresheet,2019-02-22 01:45:00+00:00,5e9d0d95eda69973a809d1ec,5e9e4501f509094ba4566f84,1,"['5eb0e4cab6c3bb0006eeb232', '5eb0e4cab6c3bb0006eeb233', '5eb0e4cab6c3bb0006eeb234']",Falcon 9,CCSFS SLC 40,Florida,5eb0e4cab6c3bb0006eeb232,5000.0,2019,,
CCtCap Demo Mission 1,2019-03-02 07:45:00+00:00,5e9d0d95eda69973a809d1ec,5e9e4502f509094188566f88,1,['5eb0e4cbb6c3bb0006eeb235'],Falcon 9,KSC LC 39A,Florida,5eb0e4cbb6c3bb0006eeb235,12259.0,2019,28.6080585,-80.6039558
ArabSat 6A,2019-04-11 22:35:00+00:00,5e9d0d95eda69974db09d1ed,5e9e4502f509094188566f88,1,['5eb0e4cbb6c3bb0006eeb236'],Falcon Heavy,KSC LC 39A,Florida,5eb0e4cbb6c3bb0006eeb236,6000.0,2019,28.6080585,-80.6039558
CRS-17,2019-05-04 06:48:00+00:00,5e9d0d95eda69973a809d1ec,5e9e4501f509094ba4566f84,1,['5eb0e4cbb6c3bb0006eeb237'],Falcon 9,CCSFS SLC 40,Florida,5eb0e4cbb6c3bb0006eeb237,2482.0,2019,,
Starlink v0.9,2019-05-24 02:30:00+00:00,5e9d0d95eda69973a809d1ec,5e9e4501f509094ba4566f84,1,['5eb0e4cbb6c3bb0006eeb238'],Falcon 9,CCSFS SLC 40,Florida,5eb0e4cbb6c3bb0006eeb238,13200.0,2019,,
RADARSAT Constellation,2019-06-12 14:17:00+00:00,5e9d0d95eda69973a809d1ec,5e9e4502f509092b78566f87,1,['5eb0e4ccb6c3bb0006eeb239'],Falcon 9,VAFB SLC 4E,California,5eb0e4ccb6c3bb0006eeb239,1425.0,2019,34.632093,-120.610829
STP-2,2019-06-25 03:30:00+00:00,5e9d0d95eda69974db09d1ed,5e9e4502f509094188566f88,1,"['5eb0e4ccb6c3bb0006eeb23a', '5eb0e4ccb6c3bb0006eeb23b', '5eb0e4ccb6c3bb0006eeb23c', '5eb0e4ccb6c3bb0006eeb23d', '5eb0e4ccb6c3bb0006eeb23e', '5eb0e4cdb6c3bb0006eeb23f', '5eb0e4cdb6c3bb0006eeb240', '5eb0e4cdb6c3bb0006eeb241', '5eb0e4cdb6c3bb0006eeb242', '5eb0e4cdb6c3bb0006eeb243', '5eb0e4cdb6c3bb0006eeb244', '5eb0e4cdb6c3bb0006eeb245', '5eb0e4ceb6c3bb0006eeb246', '5eb0e4ceb6c3bb0006eeb247', '5eb0e4ceb6c3bb0006eeb248', '5eb0e4ceb6c3bb0006eeb249']",Falcon Heavy,KSC LC 39A,Florida,5eb0e4ccb6c3bb0006eeb23a,600.0,2019,28.6080585,-80.6039558
CRS-18,2019-07-25 22:01:00+00:00,5e9d0d95eda69973a809d1ec,5e9e4501f509094ba4566f84,1,['5eb0e4ceb6c3bb0006eeb24a'],Falcon 9,CCSFS SLC 40,Florida,5eb0e4ceb6c3bb0006eeb24a,2227.7,2019,,
Amos-17,2019-08-06 22:52:00+00:00,5e9d0d95eda69973a809d1ec,5e9e4501f509094ba4566f84,1,['5eb0e4cfb6c3bb0006eeb24b'],Falcon 9,CCSFS SLC 40,Florida,5eb0e4cfb6c3bb0006eeb24b,6500.0,2019,,
Starlink-1,2019-11-11 14:56:00+00:00,5e9d0d95eda69973a809d1ec,5e9e4501f509094ba4566f84,1,['5eb0e4cfb6c3bb0006eeb24c'],Falcon 9,CCSFS SLC 40,Florida,5eb0e4cfb6c3bb0006eeb24c,15600.0,2019,,
CRS-19,2019-12-05 17:29:23+00:00,5e9d0d95eda69973a809d1ec,5e9e4501f509094ba4566f84,1,['5eb0e4cfb6c3bb0006eeb24d'],Falcon 9,CCSFS SLC 40,Florida,5eb0e4cfb6c3bb0006eeb24d,5000.0,2019,,
JCSat 18 / Kacific 1,2019-12-17 00:10:00+00:00,5e9d0d95eda69973a809d1ec,5e9e4501f509094ba4566f84,1,['5eb0e4cfb6c3bb0006eeb24e'],Falcon 9,CCSFS SLC 40,Florida,5eb0e4cfb6c3bb0006eeb24e,6800.0,2019,,
Starlink-2,2020-01-07 02:19:00+00:00,5e9d0d95eda69973a809d1ec,5e9e4501f509094ba4566f84,1,['5eb0e4cfb6c3bb0006eeb24f'],Falcon 9,CCSFS SLC 40,Florida,5eb0e4cfb6c3bb0006eeb24f,15600.0,2020,,
Crew Dragon In Flight Abort Test,2020-01-19 14:00:00+00:00,5e9d0d95eda69973a809d1ec,5e9e4502f509094188566f88,1,['5eb0e4d0b6c3bb0006eeb250'],Falcon 9,KSC LC 39A,Florida,5eb0e4d0b6c3bb0006eeb250,,2020,28.6080585,-80.6039558
Starlink-3,2020-01-29 14:06:00+00:00,5e9d0d95eda69973a809d1ec,5e9e4501f509094ba4566f84,1,['5eb0e4d0b6c3bb0006eeb251'],Falcon 9,CCSFS SLC 40,Florida,5eb0e4d0b6c3bb0006eeb251,15600.0,2020,,
Starlink-4,2020-02-17 15:05:55+00:00,5e9d0d95eda69973a809d1ec,5e9e4501f509094ba4566f84,1,['5eb0e4d0b6c3bb0006eeb252'],Falcon 9,CCSFS SLC 40,Florida,5eb0e4d0b6c3bb0006eeb252,15600.0,2020,,
CRS-20,2020-03-07 04:50:31+00:00,5e9d0d95eda69973a809d1ec,5e9e4501f509094ba4566f84,1,['5eb0e4d0b6c3bb0006eeb253'],Falcon 9,CCSFS SLC 40,Florida,5eb0e4d0b6c3bb0006eeb253,1977.0,2020,,
Starlink-5,2020-03-18 12:16:00+00:00,5e9d0d95eda69973a809d1ec,5e9e4502f509094188566f88,1,['5eb0e4d0b6c3bb0006eeb254'],Falcon 9,KSC LC 39A,Florida,5eb0e4d0b6c3bb0006eeb254,15600.0,2020,28.6080585,-80.6039558
Starlink-6,2020-04-22 19:30:00+00:00,5e9d0d95eda69973a809d1ec,5e9e4502f509094188566f88,1,['5eb0e4d1b6c3bb0006eeb255'],Falcon 9,KSC LC 39A,Florida,5eb0e4d1b6c3bb0006eeb255,15600.0,2020,28.6080585,-80.6039558
CCtCap Demo Mission 2,2020-05-30 19:22:00+00:00,5e9d0d95eda69973a809d1ec,5e9e4502f509094188566f88,1,['5eb0e4d1b6c3bb0006eeb257'],Falcon 9,KSC LC 39A,Florida,5eb0e4d1b6c3bb0006eeb257,9525.0,2020,28.6080585,-80.6039558
Starlink-7,2020-06-04 01:25:00+00:00,5e9d0d95eda69973a809d1ec,5e9e4501f509094ba4566f84,1,['5eb0e4d1b6c3bb0006eeb256'],Falcon 9,CCSFS SLC 40,Florida,5eb0e4d1b6c3bb0006eeb256,15600.0,2020,,
Starlink-8 & SkySat 16-18,2020-06-13 09:21:00+00:00,5e9d0d95eda69973a809d1ec,5e9e4501f509094ba4566f84,1,['5eb0e4d1b6c3bb0006eeb258'],Falcon 9,CCSFS SLC 40,Florida,5eb0e4d1b6c3bb0006eeb258,15600.0,2020,,
GPS III SV03 (Columbus),2020-06-30 19:55:00+00:00,5e9d0d95eda69973a809d1ec,5e9e4501f509094ba4566f84,1,['5eb0e4d2b6c3bb0006eeb25c'],Falcon 9,CCSFS SLC 40,Florida,5eb0e4d2b6c3bb0006eeb25c,3880.0,2020,,
ANASIS-II,2020-07-20 21:30:00+00:00,5e9d0d95eda69973a809d1ec,5e9e4501f509094ba4566f84,1,['5eb0e4d2b6c3bb0006eeb25b'],Falcon 9,CCSFS SLC 40,Florida,5eb0e4d2b6c3bb0006eeb25b,,2020,,
Starlink-9 (v1.0) & BlackSky Global 5-6,2020-08-07 05:12:00+00:00,5e9d0d95eda69973a809d1ec,5e9e4502f509094188566f88,1,"['5ed9858b1f30554030d45c3e', '5ee522e32f1f3d474c758123']",Falcon 9,KSC LC 39A,Florida,5ed9858b1f30554030d45c3e,15600.0,2020,28.6080585,-80.6039558
Starlink-10 (v1.0) & SkySat 19-21,2020-08-18 14:31:00+00:00,5e9d0d95eda69973a809d1ec,5e9e4501f509094ba4566f84,1,['5ed9859f1f30554030d45c3f'],Falcon 9,CCSFS SLC 40,Florida,5ed9859f1f30554030d45c3f,15600.0,2020,,
"SAOCOM 1B, GNOMES-1, Tyvak-0172",2020-08-30 23:18:00+00:00,5e9d0d95eda69973a809d1ec,5e9e4501f509094ba4566f84,1,['5eb0e4d1b6c3bb0006eeb259'],Falcon 9,CCSFS SLC 40,Florida,5eb0e4d1b6c3bb0006eeb259,1600.0,2020,,
Starlink-11 (v1.0),2020-09-03 12:46:00+00:00,5e9d0d95eda69973a809d1ec,5e9e4502f509094188566f88,1,['5ef6a4600059c33cee4a829e'],Falcon 9,KSC LC 39A,Florida,5ef6a4600059c33cee4a829e,15600.0,2020,28.6080585,-80.6039558
Starlink-12 (v1.0),2020-10-06 11:29:00+00:00,5e9d0d95eda69973a809d1ec,5e9e4502f509094188566f88,1,['5ef6a48e0059c33cee4a829f'],Falcon 9,KSC LC 39A,Florida,5ef6a48e0059c33cee4a829f,15600.0,2020,28.6080585,-80.6039558
Starlink-13 (v1.0),2020-10-18 12:25:00+00:00,5e9d0d95eda69973a809d1ec,5e9e4502f509094188566f88,1,['5ef6a4d50059c33cee4a82a1'],Falcon 9,KSC LC 39A,Florida,5ef6a4d50059c33cee4a82a1,15600.0,2020,28.6080585,-80.6039558
Starlink-14 (v1.0),2020-10-24 15:31:00+00:00,5e9d0d95eda69973a809d1ec,5e9e4501f509094ba4566f84,1,['5ef6a4ea0059c33cee4a82a2'],Falcon 9,CCSFS SLC 40,Florida,5ef6a4ea0059c33cee4a82a2,15600.0,2020,,
GPS III SV04 (Sacagawea),2020-11-05 23:24:00+00:00,5e9d0d95eda69973a809d1ec,5e9e4501f509094ba4566f84,1,['5eb0e4d2b6c3bb0006eeb25e'],Falcon 9,CCSFS SLC 40,Florida,5eb0e4d2b6c3bb0006eeb25e,3681.0,2020,,
Crew-1,2020-11-16 00:27:00+00:00,5e9d0d95eda69973a809d1ec,5e9e4502f509094188566f88,1,['5eb0e4d2b6c3bb0006eeb25f'],Falcon 9,KSC LC 39A,Florida,5eb0e4d2b6c3bb0006eeb25f,,2020,28.6080585,-80.6039558
Sentinel-6 Michael Freilich,2020-11-21 17:17:00+00:00,5e9d0d95eda69973a809d1ec,5e9e4502f509092b78566f87,1,['5ed9867c1f30554030d45c40'],Falcon 9,VAFB SLC 4E,California,5ed9867c1f30554030d45c40,1440.0,2020,34.632093,-120.610829
Starlink-15 (v1.0),2020-11-25 02:13:00+00:00,5e9d0d95eda69973a809d1ec,5e9e4501f509094ba4566f84,1,['5fb95c263a88ae63c9546044'],Falcon 9,CCSFS SLC 40,Florida,5fb95c263a88ae63c9546044,15600.0,2020,,
CRS-21,2020-12-06 16:17:00+00:00,5e9d0d95eda69973a809d1ec,5e9e4502f509094188566f88,1,['5eb0e4d3b6c3bb0006eeb262'],Falcon 9,KSC LC 39A,Florida,5eb0e4d3b6c3bb0006eeb262,2972.0,2020,28.6080585,-80.6039558
SXM-7,2020-12-13 17:30:00+00:00,5e9d0d95eda69973a809d1ec,5e9e4501f509094ba4566f84,1,['5eb0e4d2b6c3bb0006eeb25d'],Falcon 9,CCSFS SLC 40,Florida,5eb0e4d2b6c3bb0006eeb25d,7000.0,2020,,
NROL-108,2020-12-19 14:00:00+00:00,5e9d0d95eda69973a809d1ec,5e9e4502f509094188566f88,1,['5f839ac7818d8b59f5740d48'],Falcon 9,KSC LC 39A,Florida,5f839ac7818d8b59f5740d48,,2020,28.6080585,-80.6039558
Turksat 5A,2021-01-08 02:15:00+00:00,5e9d0d95eda69973a809d1ec,5e9e4501f509094ba4566f84,1,['5eb0e4d3b6c3bb0006eeb264'],Falcon 9,CCSFS SLC 40,Florida,5eb0e4d3b6c3bb0006eeb264,3500.0,2021,,
Starlink-16 (v1.0),2021-01-20 13:02:00+00:00,5e9d0d95eda69973a809d1ec,5e9e4502f509094188566f88,1,['5fbfedba54ceb10a5664c813'],Falcon 9,KSC LC 39A,Florida,5fbfedba54ceb10a5664c813,15600.0,2021,28.6080585,-80.6039558
Transporter-1,2021-01-24 15:00:00+00:00,5e9d0d95eda69973a809d1ec,5e9e4501f509094ba4566f84,1,['5fd3871a7faea57d297c86c6'],Falcon 9,CCSFS SLC 40,Florida,5fd3871a7faea57d297c86c6,,2021,,
Starlink-18 (v1.0),2021-02-04 06:19:00+00:00,5e9d0d95eda69973a809d1ec,5e9e4501f509094ba4566f84,1,['5ff655769257f579ee3a6c64'],Falcon 9,CCSFS SLC 40,Florida,5ff655769257f579ee3a6c64,15600.0,2021,,
Starlink-19 (v1.0),2021-02-16 03:59:00+00:00,5e9d0d95eda69973a809d1ec,5e9e4501f509094ba4566f84,1,['600f9bc08f798e2a4d5f97a4'],Falcon 9,CCSFS SLC 40,Florida,600f9bc08f798e2a4d5f97a4,15600.0,2021,,
Starlink-17 (v1.0),2021-03-04 08:24:00+00:00,5e9d0d95eda69973a809d1ec,5e9e4502f509094188566f88,1,['5fbfedc654ceb10a5664c814'],Falcon 9,KSC LC 39A,Florida,5fbfedc654ceb10a5664c814,15600.0,2021,28.6080585,-80.6039558
Starlink-20 (v1.0),2021-03-11 08:13:00+00:00,5e9d0d95eda69973a809d1ec,5e9e4501f509094ba4566f84,1,['600f9bcb8f798e2a4d5f97a5'],Falcon 9,CCSFS SLC 40,Florida,600f9bcb8f798e2a4d5f97a5,15600.0,2021,,
Starlink-21 (v1.0),2021-03-14 10:01:00+00:00,5e9d0d95eda69973a809d1ec,5e9e4502f509094188566f88,1,['600f9bd88f798e2a4d5f97a6'],Falcon 9,KSC LC 39A,Florida,600f9bd88f798e2a4d5f97a6,15600.0,2021,28.6080585,-80.6039558
Starlink-22 (v1.0),2021-03-24 08:28:00+00:00,5e9d0d95eda69973a809d1ec,5e9e4501f509094ba4566f84,1,['60428afbc041c16716f73cdd'],Falcon 9,CCSFS SLC 40,Florida,60428afbc041c16716f73cdd,15600.0,2021,,
Starlink-23 (v1.0),2021-04-07 16:34:00+00:00,5e9d0d95eda69973a809d1ec,5e9e4501f509094ba4566f84,1,['60428b02c041c16716f73cde'],Falcon 9,CCSFS SLC 40,Florida,60428b02c041c16716f73cde,15600.0,2021,,
Crew-2,2021-04-23 09:49:00+00:00,5e9d0d95eda69973a809d1ec,5e9e4502f509094188566f88,1,['5fe3b3adb3467846b3242173'],Falcon 9,KSC LC 39A,Florida,5fe3b3adb3467846b3242173,,2021,28.6080585,-80.6039558
Starlink-24 (v1.0),2021-04-29 03:44:00+00:00,5e9d0d95eda69973a809d1ec,5e9e4501f509094ba4566f84,1,['605b4be3aa5433645e37d046'],Falcon 9,CCSFS SLC 40,Florida,605b4be3aa5433645e37d046,15600.0,2021,,
Starlink-25 (v1.0),2021-05-04 19:01:00+00:00,5e9d0d95eda69973a809d1ec,5e9e4502f509094188566f88,1,['605b4befaa5433645e37d047'],Falcon 9,KSC LC 39A,Florida,605b4befaa5433645e37d047,15600.0,2021,28.6080585,-80.6039558
Starlink-27 (v1.0),2021-05-09 06:42:00+00:00,5e9d0d95eda69973a809d1ec,5e9e4501f509094ba4566f84,1,['6079bd5e9a06446e8c61bf7c'],Falcon 9,CCSFS SLC 40,Florida,6079bd5e9a06446e8c61bf7c,15600.0,2021,,
Starlink-26 (v1.0) + Capella-6 + Tyvak-0130,2021-05-15 22:54:00+00:00,5e9d0d95eda69973a809d1ec,5e9e4502f509094188566f88,1,"['605b4bfcaa5433645e37d048', '609f48374a12e4692eae4667', '609f49c64a12e4692eae4668']",Falcon 9,KSC LC 39A,Florida,605b4bfcaa5433645e37d048,13520.0,2021,28.6080585,-80.6039558
Starlink-28 (v1.0),2021-05-26 18:59:00+00:00,5e9d0d95eda69973a809d1ec,5e9e4501f509094ba4566f84,1,['6079bd679a06446e8c61bf7d'],Falcon 9,CCSFS SLC 40,Florida,6079bd679a06446e8c61bf7d,15600.0,2021,,
CRS-22 & IROSA,2021-06-03 17:29:00+00:00,5e9d0d95eda69973a809d1ec,5e9e4502f509094188566f88,1,['5fe3b642b3467846b324217b'],Falcon 9,KSC LC 39A,Florida,5fe3b642b3467846b324217b,3328.0,2021,28.6080585,-80.6039558
SXM-8,2021-06-06 04:26:00+00:00,5e9d0d95eda69973a809d1ec,5e9e4501f509094ba4566f84,1,['5fe3b57db3467846b324217a'],Falcon 9,CCSFS SLC 40,Florida,5fe3b57db3467846b324217a,7000.0,2021,,
GPS III SV05,2021-06-17 16:09:00+00:00,5e9d0d95eda69973a809d1ec,5e9e4501f509094ba4566f84,1,['5eb0e4d2b6c3bb0006eeb261'],Falcon 9,CCSFS SLC 40,Florida,5eb0e4d2b6c3bb0006eeb261,3681.0,2021,,
Transporter-2,2021-06-30 19:31:00+00:00,5e9d0d95eda69973a809d1ec,5e9e4501f509094ba4566f84,1,['608ac397eb3e50044e3630e7'],Falcon 9,CCSFS SLC 40,Florida,608ac397eb3e50044e3630e7,,2021,,
CRS-23,2021-08-29 07:14:00+00:00,5e9d0d95eda69973a809d1ec,5e9e4502f509094188566f88,1,['5fe3c4f2b3467846b3242193'],Falcon 9,KSC LC 39A,Florida,5fe3c4f2b3467846b3242193,,2021,28.6080585,-80.6039558
Starlink 2-1 (v1.5),2021-09-14 03:55:00+00:00,5e9d0d95eda69973a809d1ec,5e9e4502f509092b78566f87,1,['60e3bf3373359e1e20335c3c'],Falcon 9,VAFB SLC 4E,California,60e3bf3373359e1e20335c3c,15600.0,2021,34.632093,-120.610829
Inspiration4,2021-09-16 00:02:00+00:00,5e9d0d95eda69973a809d1ec,5e9e4502f509094188566f88,1,['607a382f5a906a44023e0867'],Falcon 9,KSC LC 39A,Florida,607a382f5a906a44023e0867,,2021,28.6080585,-80.6039558
Crew-3,2021-11-11 02:03:00+00:00,5e9d0d95eda69973a809d1ec,5e9e4502f509094188566f88,1,['5fe3b3bab3467846b3242174'],Falcon 9,KSC LC 39A,Florida,5fe3b3bab3467846b3242174,12519.0,2021,28.6080585,-80.6039558
Starlink 4-1 (v1.5),2021-11-13 12:40:00+00:00,5e9d0d95eda69973a809d1ec,5e9e4501f509094ba4566f84,1,['618fabf0563d69573ed8caa6'],Falcon 9,CCSFS SLC 40,Florida,618fabf0563d69573ed8caa6,13260.0,2021,,
DART,2021-11-24 06:20:00+00:00,5e9d0d95eda69973a809d1ec,5e9e4502f509092b78566f87,1,['5fe3c4a6b3467846b3242192'],Falcon 9,VAFB SLC 4E,California,5fe3c4a6b3467846b3242192,670.0,2021,34.632093,-120.610829
Starlink 4-3 (v1.5),2021-12-01 23:20:00+00:00,5e9d0d95eda69973a809d1ec,5e9e4501f509094ba4566f84,1,['6161d0f26db1a92bfba85355'],Falcon 9,CCSFS SLC 40,Florida,6161d0f26db1a92bfba85355,13260.0,2021,,
IXPE,2021-12-09 06:00:00+00:00,5e9d0d95eda69973a809d1ec,5e9e4502f509094188566f88,1,['61c1f395a4a2462678cbf46e'],Falcon 9,KSC LC 39A,Florida,61c1f395a4a2462678cbf46e,330.0,2021,28.6080585,-80.6039558
Starlink 4-4 (v1.5),2021-12-18 12:41:40+00:00,5e9d0d95eda69973a809d1ec,5e9e4502f509092b78566f87,1,['61bbac16437241381bf70632'],Falcon 9,VAFB SLC 4E,California,61bbac16437241381bf70632,13260.0,2021,34.632093,-120.610829
Türksat 5B,2021-12-19 03:58:00+00:00,5e9d0d95eda69973a809d1ec,5e9e4501f509094ba4566f84,1,['5fe3c080b3467846b3242190'],Falcon 9,CCSFS SLC 40,Florida,5fe3c080b3467846b3242190,3500.0,2021,,
CRS-24,2021-12-21 10:06:00+00:00,5e9d0d95eda69973a809d1ec,5e9e4502f509094188566f88,1,['6161d22a6db1a92bfba85357'],Falcon 9,KSC LC 39A,Florida,6161d22a6db1a92bfba85357,,2021,28.6080585,-80.6039558
Starlink 4-5 (v1.5),2022-01-06 21:49:00+00:00,5e9d0d95eda69973a809d1ec,5e9e4502f509094188566f88,1,['61d5ece4f88e4c5fc91f1ebb'],Falcon 9,KSC LC 39A,Florida,61d5ece4f88e4c5fc91f1ebb,13260.0,2022,28.6080585,-80.6039558
Transporter-3,2022-01-13 15:25:00+00:00,5e9d0d95eda69973a809d1ec,5e9e4501f509094ba4566f84,1,['6175aaacefa4314085aa9c56'],Falcon 9,CCSFS SLC 40,Florida,6175aaacefa4314085aa9c56,,2022,,
Starlink 4-6 (v1.5),2022-01-19 00:04:00+00:00,5e9d0d95eda69973a809d1ec,5e9e4502f509094188566f88,1,['61e05516be8d8b66799018d4'],Falcon 9,KSC LC 39A,Florida,61e05516be8d8b66799018d4,13260.0,2022,28.6080585,-80.6039558
CSG-2,2022-01-31 23:11:12+00:00,5e9d0d95eda69973a809d1ec,5e9e4501f509094ba4566f84,1,['6161d3a06db1a92bfba8535a'],Falcon 9,CCSFS SLC 40,Florida,6161d3a06db1a92bfba8535a,2240.0,2022,,
NROL-87,2022-02-02 20:18:00+00:00,5e9d0d95eda69973a809d1ec,5e9e4502f509092b78566f87,1,['6175aaacefa4314085aa9c56'],Falcon 9,VAFB SLC 4E,California,6175aaacefa4314085aa9c56,,2022,34.632093,-120.610829
Starlink 4-7 (v1.5),2022-02-03 18:13:00+00:00,5e9d0d95eda69973a809d1ec,5e9e4502f509094188566f88,1,['61e05520be8d8b66799018d5'],Falcon 9,KSC LC 39A,Florida,61e05520be8d8b66799018d5,13260.0,2022,28.6080585,-80.6039558
Starlink 4-8 (v1.5),2022-02-21 14:44:00+00:00,5e9d0d95eda69973a809d1ec,5e9e4501f509094ba4566f84,1,['61fc02e1e0dc5662b76489b4'],Falcon 9,CCSFS SLC 40,Florida,61fc02e1e0dc5662b76489b4,13260.0,2022,,
Starlink 4-11 (v1.5),2022-02-25 17:12:00+00:00,5e9d0d95eda69973a809d1ec,5e9e4502f509092b78566f87,1,['61fc0334e0dc5662b76489b5'],Falcon 9,VAFB SLC 4E,California,61fc0334e0dc5662b76489b5,13260.0,2022,34.632093,-120.610829
Starlink 4-9 (v1.5),2022-03-03 14:35:00+00:00,5e9d0d95eda69973a809d1ec,5e9e4502f509094188566f88,1,['61fc0379e0dc5662b76489b6'],Falcon 9,KSC LC 39A,Florida,61fc0379e0dc5662b76489b6,13260.0,2022,28.6080585,-80.6039558
Starlink 4-10 (v1.5),2022-03-09 13:45:00+00:00,5e9d0d95eda69973a809d1ec,5e9e4501f509094ba4566f84,1,['61fc0382e0dc5662b76489b7'],Falcon 9,CCSFS SLC 40,Florida,61fc0382e0dc5662b76489b7,13260.0,2022,,
Starlink 4-12 (v1.5),2022-03-19 03:24:00+00:00,5e9d0d95eda69973a809d1ec,5e9e4501f509094ba4566f84,1,['623491e5f051102e1fcedac9'],Falcon 9,CCSFS SLC 40,Florida,623491e5f051102e1fcedac9,13260.0,2022,,
Transporter-4,2022-04-01 16:24:00+00:00,5e9d0d95eda69973a809d1ec,5e9e4501f509094ba4566f84,1,['6243af62af52800c6e919260'],Falcon 9,CCSFS SLC 40,Florida,6243af62af52800c6e919260,,2022,,
Ax-1,2022-04-08 15:17:00+00:00,5e9d0d95eda69973a809d1ec,5e9e4502f509094188566f88,1,['61eefb129eb1064137a1bd74'],Falcon 9,KSC LC 39A,Florida,61eefb129eb1064137a1bd74,,2022,28.6080585,-80.6039558
NROL-85,2022-04-17 13:13:00+00:00,5e9d0d95eda69973a809d1ec,5e9e4502f509092b78566f87,1,['6243b036af52800c6e919262'],Falcon 9,VAFB SLC 4E,California,6243b036af52800c6e919262,,2022,34.632093,-120.610829
Starlink 4-14 (v1.5),2022-04-21 15:16:00+00:00,5e9d0d95eda69973a809d1ec,5e9e4501f509094ba4566f84,1,['6243af9faf52800c6e919261'],Falcon 9,CCSFS SLC 40,Florida,6243af9faf52800c6e919261,13260.0,2022,,
Crew-4,2022-04-27 07:52:00+00:00,5e9d0d95eda69973a809d1ec,5e9e4502f509094188566f88,1,['6243b1cdaf52800c6e919265'],Falcon 9,KSC LC 39A,Florida,6243b1cdaf52800c6e919265,,2022,28.6080585,-80.6039558
Starlink 4-16 (v1.5),2022-04-29 21:27:00+00:00,5e9d0d95eda69973a809d1ec,5e9e4501f509094ba4566f84,1,['62582aa55988f159024b964d'],Falcon 9,CCSFS SLC 40,Florida,62582aa55988f159024b964d,13260.0,2022,,
Starlink 4-17 (v1.5),2022-05-06 09:42:00+00:00,5e9d0d95eda69973a809d1ec,5e9e4502f509094188566f88,1,['62582aad5988f159024b964e'],Falcon 9,KSC LC 39A,Florida,62582aad5988f159024b964e,13260.0,2022,28.6080585,-80.6039558
Starlink 4-13 (v1.5),2022-05-13 22:07:00+00:00,5e9d0d95eda69973a809d1ec,5e9e4502f509092b78566f87,1,['625829d75988f159024b9649'],Falcon 9,VAFB SLC 4E,California,625829d75988f159024b9649,13260.0,2022,34.632093,-120.610829
Starlink 4-15 (v1.5),2022-05-14 20:40:00+00:00,5e9d0d95eda69973a809d1ec,5e9e4501f509094ba4566f84,1,['625829cf5988f159024b9648'],Falcon 9,CCSFS SLC 40,Florida,625829cf5988f159024b9648,13260.0,2022,,
Starlink 4-18 (v1.5),2022-05-18 10:40:00+00:00,5e9d0d95eda69973a809d1ec,5e9e4502f509094188566f88,1,['62615ee40ec008379be596fd'],Falcon 9,KSC LC 39A,Florida,62615ee40ec008379be596fd,13260.0,2022,28.6080585,-80.6039558
Transporter-5,2022-05-25 18:27:00+00:00,5e9d0d95eda69973a809d1ec,5e9e4501f509094ba4566f84,1,['6243b39daf52800c6e919267'],Falcon 9,CCSFS SLC 40,Florida,6243b39daf52800c6e919267,,2022,,
Nilesat-301,2022-06-08 21:04:00+00:00,5e9d0d95eda69973a809d1ec,5e9e4501f509094ba4566f84,1,['6243b286af52800c6e919266'],Falcon 9,CCSFS SLC 40,Florida,6243b286af52800c6e919266,3938.0,2022,,
Starlink 4-19 (v1.5),2022-06-01 17:08:50+00:00,5e9d0d95eda69973a809d1ec,5e9e4502f509094188566f88,1,['6278484e57b51b752c5c5a63'],Falcon 9,KSC LC 39A,Florida,6278484e57b51b752c5c5a63,13260.0,2022,28.6080585,-80.6039558
SARah 1,2022-06-18 14:19:00+00:00,5e9d0d95eda69973a809d1ec,5e9e4502f509092b78566f87,1,['5fe3b2abb3467846b3242172'],Falcon 9,VAFB SLC 4E,California,5fe3b2abb3467846b3242172,2200.0,2022,34.632093,-120.610829
Globalstar FM15,2022-06-19 04:27:00+00:00,5e9d0d95eda69973a809d1ec,5e9e4501f509094ba4566f84,1,['62adecbcd26f4f711fa53848'],Falcon 9,CCSFS SLC 40,Florida,62adecbcd26f4f711fa53848,700.0,2022,,
SES-22,2022-06-29 21:04:00+00:00,5e9d0d95eda69973a809d1ec,5e9e4501f509094ba4566f84,1,['6243b93caf52800c6e91926f'],Falcon 9,CCSFS SLC 40,Florida,6243b93caf52800c6e91926f,3500.0,2022,,
Starlink 4-21 (v1.5),2022-07-07 13:11:00+00:00,5e9d0d95eda69973a809d1ec,5e9e4501f509094ba4566f84,1,['630bccc6d36448026ab01639'],Falcon 9,CCSFS SLC 40,Florida,630bccc6d36448026ab01639,13260.0,2022,,
CRS-25,2022-07-15 00:44:00+00:00,5e9d0d95eda69973a809d1ec,5e9e4502f509094188566f88,1,['6243b835af52800c6e91926d'],Falcon 9,KSC LC 39A,Florida,6243b835af52800c6e91926d,,2022,28.6080585,-80.6039558
Starlink 4-22 (v1.5),2022-07-17 14:50:00+00:00,5e9d0d95eda69973a809d1ec,5e9e4501f509094ba4566f84,1,['630bce10d36448026ab0163b'],Falcon 9,CCSFS SLC 40,Florida,630bce10d36448026ab0163b,13260.0,2022,,
Starlink 3-2 (v1.5),2022-07-21 17:13:00+00:00,5e9d0d95eda69973a809d1ec,5e9e4502f509092b78566f87,1,['630bce49d36448026ab0163c'],Falcon 9,VAFB SLC 4E,California,630bce49d36448026ab0163c,13260.0,2022,34.632093,-120.610829
Starlink 4-25 (v1.5),2022-07-24 00:00:00+00:00,5e9d0d95eda69973a809d1ec,5e9e4501f509094ba4566f84,1,['630bce79d36448026ab0163d'],Falcon 9,CCSFS SLC 40,Florida,630bce79d36448026ab0163d,13260.0,2022,,
KPLO,2022-08-04 23:08:00+00:00,5e9d0d95eda69973a809d1ec,5e9e4501f509094ba4566f84,1,['630bcfe1d36448026ab01641'],Falcon 9,CCSFS SLC 40,Florida,630bcfe1d36448026ab01641,678.0,2022,,
Starlink 4-26 (v1.5),2022-08-09 22:57:00+00:00,5e9d0d95eda69973a809d1ec,5e9e4502f509094188566f88,1,['630bcea1d36448026ab0163e'],Falcon 9,KSC LC 39A,Florida,630bcea1d36448026ab0163e,13260.0,2022,28.6080585,-80.6039558
Starlink 3-3 (v1.5),2022-08-12 21:30:00+00:00,5e9d0d95eda69973a809d1ec,5e9e4502f509092b78566f87,1,['630bceb8d36448026ab01640'],Falcon 9,VAFB SLC 4E,California,630bceb8d36448026ab01640,13260.0,2022,34.632093,-120.610829
Starlink 4-27 (v1.5),2022-08-19 19:24:00+00:00,5e9d0d95eda69973a809d1ec,5e9e4501f509094ba4566f84,1,['630bceadd36448026ab0163f'],Falcon 9,CCSFS SLC 40,Florida,630bceadd36448026ab0163f,13260.0,2022,,
Starlink 4-23 (v1.5),2022-08-28 02:22:00+00:00,5e9d0d95eda69973a809d1ec,5e9e4502f509094188566f88,1,['631614d7ffc78f3b85670716'],Falcon 9,KSC LC 39A,Florida,631614d7ffc78f3b85670716,13260.0,2022,28.6080585,-80.6039558
Starlink 3-4 (v1.5),2022-08-31 05:40:00+00:00,5e9d0d95eda69973a809d1ec,5e9e4502f509092b78566f87,1,['630f63bf18702d4844fb5391'],Falcon 9,VAFB SLC 4E,California,630f63bf18702d4844fb5391,13260.0,2022,34.632093,-120.610829
Starlink 4-20 (v1.5) & Sherpa LTC-2/Varuna-TDM,2022-09-05 02:09:00+00:00,5e9d0d95eda69973a809d1ec,5e9e4501f509094ba4566f84,1,"['631614e9ffc78f3b85670717', '631617fbffc78f3b8567071d']",Falcon 9,CCSFS SLC 40,Florida,631614e9ffc78f3b85670717,13260.0,2022,,
Starlink 4-2 (v1.5) & Blue Walker 3,2022-09-11 01:10:00+00:00,5e9d0d95eda69973a809d1ec,5e9e4502f509094188566f88,1,"['63161610ffc78f3b85670718', '63161872ffc78f3b8567071e']",Falcon 9,KSC LC 39A,Florida,63161610ffc78f3b85670718,13260.0,2022,28.6080585,-80.6039558
Starlink 4-34 (v1.5),2022-09-17 01:05:00+00:00,5e9d0d95eda69973a809d1ec,5e9e4501f509094ba4566f84,1,['63161699ffc78f3b85670719'],Falcon 9,CCSFS SLC 40,Florida,63161699ffc78f3b85670719,13260.0,2022,,
Starlink 4-35 (v1.5),2022-09-24 23:30:00+00:00,5e9d0d95eda69973a809d1ec,5e9e4501f509094ba4566f84,1,['631616a7ffc78f3b8567071a'],Falcon 9,CCSFS SLC 40,Florida,631616a7ffc78f3b8567071a,13260.0,2022,,
Crew-5,2022-10-05 16:00:00+00:00,5e9d0d95eda69973a809d1ec,5e9e4502f509094188566f88,1,['62dd73ed202306255024d145'],Falcon 9,KSC LC 39A,Florida,62dd73ed202306255024d145,,2022,28.6080585,-80.6039558
